article_id,expected_doi,registered_doi,doi_status,doi_url,volume,issue,issue_title,citation,result
e001,10.68232/cj.e001,10.68232/cj.e001,REGISTERED,https://doi.org/10.68232/cj.e001,1,1,Pioneer Volume · July 2026 · Part 1,"Chia, S. K., Julius, B. J., Ukule, P., & Elumeyan, E. (2026). Design, Simulation, Implementation, and Operational Evaluation of the CACGWA Student Revision and CBT Portal: A 500-Item-Bank Randomized Assessment Model for Senior Secondary School Examinations. CHIATECH JOURNAL, 1(1), e001. https://doi.org/10.68232/cj.e001",PASS
e002,10.68232/cj.e002,10.68232/cj.e002,REGISTERED,https://doi.org/10.68232/cj.e002,1,1,Pioneer Volume · July 2026 · Part 1,"Akila, L. K. (2026). Event Decoration as a Source of Household Income Sustainability in Garkawa, Plateau State, Nigeria: A Descriptive Survey. CHIATECH JOURNAL, 1(1), e002. https://doi.org/10.68232/cj.e002",PASS
e003,10.68232/cj.e003,10.68232/cj.e003,REGISTERED,https://doi.org/10.68232/cj.e003,1,1,Pioneer Volume · July 2026 · Part 1,"Akila, L. K. (2026). Tailoring Techniques for Special-Occasion Dresses in Berom Land: A Case Study of Jos South Local Government Area, Plateau State, Nigeria. CHIATECH JOURNAL, 1(1), e003. https://doi.org/10.68232/cj.e003",PASS
e004,10.68232/cj.e004,10.68232/cj.e004,REGISTERED,https://doi.org/10.68232/cj.e004,1,1,Pioneer Volume · July 2026 · Part 1,"Chia, S. K. (2026). Netlify or Render for an Open-Access Journal Portal? Evidence-Based Deployment Selection for the CHIATECH JOURNAL Architecture. CHIATECH JOURNAL, 1(1), e004. https://doi.org/10.68232/cj.e004",PASS
e005,10.68232/cj.e005,10.68232/cj.e005,REGISTERED,https://doi.org/10.68232/cj.e005,1,1,Pioneer Volume · July 2026 · Part 1,"Okoriko, S. D., Nnaji, C. O., & Kehinde, A. (2026). Church Engagement and Perceived Reduction of Community Insecurity in Abuja, Nigeria: Survey-Weighted Evidence Across the Six FCT Area Councils. CHIATECH JOURNAL, 1(1), e005. https://doi.org/10.68232/cj.e005",PASS
e006,10.68232/cj.e006,10.68232/cj.e006,REGISTERED,https://doi.org/10.68232/cj.e006,1,1,Pioneer Volume · July 2026 · Part 1,"Okoriko, S. D., Nnaji, C. O., & Kehinde, A. (2026). Verified Early Warning, Lawful Reporting and Community Safety: Church Engagement and Perceived Insecurity Reduction in Abuja, Nigeria. CHIATECH JOURNAL, 1(1), e006. https://doi.org/10.68232/cj.e006",PASS
e007,10.68232/cj.e007,10.68232/cj.e007,REGISTERED,https://doi.org/10.68232/cj.e007,1,1,Pioneer Volume · July 2026 · Part 1,"Okoriko, S. D., Nnaji, C. O., & Kehinde, A. (2026). From Peace Teaching to Public Safety: Theological Peace Education, Moral Formation and Perceived Community Insecurity Reduction in Abuja, Nigeria. CHIATECH JOURNAL, 1(1), e007. https://doi.org/10.68232/cj.e007",PASS
e008,10.68232/cj.e008,10.68232/cj.e008,REGISTERED,https://doi.org/10.68232/cj.e008,1,1,Pioneer Volume · July 2026 · Part 1,"Okoriko, S. D., Nnaji, C. O., & Kehinde, A. (2026). Bridging Faith Communities and Public Institutions: Interfaith and Institutional Collaboration and Perceived Community Security in Abuja, Nigeria. CHIATECH JOURNAL, 1(1), e008. https://doi.org/10.68232/cj.e008",PASS
e009,10.68232/cj.e009,10.68232/cj.e009,REGISTERED,https://doi.org/10.68232/cj.e009,1,1,Pioneer Volume · July 2026 · Part 1,"Okoriko, S. D., Nnaji, C. O., & Kehinde, A. (2026). Church Engagement and Human Security in Nigeria: An Integrative Review of Practical Theology, Conflict Transformation and Social Capital with Implications for Abuja. CHIATECH JOURNAL, 1(1), e009. https://doi.org/10.68232/cj.e009",PASS
e010,10.68232/cj.e010,10.68232/cj.e010,REGISTERED,https://doi.org/10.68232/cj.e010,1,1,Pioneer Volume · July 2026 · Part 1,"Chia, S. K. (2026). Selecting Generative AI Systems for Education and Business in 2026: A Capability–Risk Framework for Comparing Frontier and Open-Weight Model Ecosystems. CHIATECH JOURNAL, 1(1), e010. https://doi.org/10.68232/cj.e010",PASS
e011,10.68232/cj.e011,10.68232/cj.e011,REGISTERED,https://doi.org/10.68232/cj.e011,1,1,Pioneer Volume · July 2026 · Part 1,"Chia, S. K. (2026). Integrating Defensive and Offensive Cybersecurity Education: A Lab-Based Competency Framework for Workforce-Ready Learning. CHIATECH JOURNAL, 1(1), e011. https://doi.org/10.68232/cj.e011",PASS
e012,10.68232/cj.e012,10.68232/cj.e012,REGISTERED,https://doi.org/10.68232/cj.e012,1,1,Pioneer Volume · July 2026 · Part 1,"Ukule, P., Nnaji, C. O., & Kehinde, A. (2026). Theology in Principle, Inclusion in Practice? Divine Calling and the Theology–Practice Gap in Nigerian Anglican Seminaries. CHIATECH JOURNAL, 1(1), e012. https://doi.org/10.68232/cj.e012",PASS
e013,10.68232/cj.e013,10.68232/cj.e013,REGISTERED,https://doi.org/10.68232/cj.e013,1,1,Pioneer Volume · July 2026 · Part 1,"Ukule, P., Nnaji, C. O., & Kehinde, A. (2026). When Policy Does Not Open the Door: Physical Accessibility and Disability-Inclusion Governance in Anglican Seminaries in Nigeria. CHIATECH JOURNAL, 1(1), e013. https://doi.org/10.68232/cj.e013",PASS
e014,10.68232/cj.e014,10.68232/cj.e014,REGISTERED,https://doi.org/10.68232/cj.e014,1,1,Pioneer Volume · July 2026 · Part 1,"Ukule, P., Nnaji, C. O., & Kehinde, A. (2026). Who Is Considered Fit for Ministry? Age, Region and Disability-Inclusion Attitudes among Anglican Clergy, Faculty and Administrators in Nigeria. CHIATECH JOURNAL, 1(1), e014. https://doi.org/10.68232/cj.e014",PASS
e015,10.68232/cj.e015,10.68232/cj.e015,REGISTERED,https://doi.org/10.68232/cj.e015,1,1,Pioneer Volume · July 2026 · Part 1,"Ukule, P., Nnaji, C. O., & Kehinde, A. (2026). Restricted Inclusion as an Institutional System: Mixed-Methods Evidence on Lived Experience, Gatekeeping and Barriers in Anglican Ministerial Formation in Nigeria. CHIATECH JOURNAL, 1(1), e015. https://doi.org/10.68232/cj.e015",PASS
e016,10.68232/cj.e016,10.68232/cj.e016,REGISTERED,https://doi.org/10.68232/cj.e016,1,1,Pioneer Volume · July 2026 · Part 1,"Ukule, P. (2026). From Charity to Ecclesial Participation: Disability Theology, Divine Calling and Ministerial Formation in African Christianity — A Critical Review. CHIATECH JOURNAL, 1(1), e016. https://doi.org/10.68232/cj.e016",PASS
e017,10.68232/cj.e017,10.68232/cj.e017,REGISTERED,https://doi.org/10.68232/cj.e017,1,1,Pioneer Volume · July 2026 · Part 1,"Ukule, P. (2026). Designing the Seminary for Human Diversity: Universal Design, Reasonable Accommodation and Disability-Inclusive Theological Education — A Review. CHIATECH JOURNAL, 1(1), e017. https://doi.org/10.68232/cj.e017",PASS
e018,10.68232/cj.e018,10.68232/cj.e018,REGISTERED,https://doi.org/10.68232/cj.e018,1,1,Pioneer Volume · July 2026 · Part 1,"Idim, I. T. (2026). Deconstructing the Mechanisms Linking Youth Unemployment to Criminality in Nigeria’s North-Central Region: A Grounded Theory Study. CHIATECH JOURNAL, 1(1), e018. https://doi.org/10.68232/cj.e018",PASS
e019,10.68232/cj.e019,10.68232/cj.e019,REGISTERED,https://doi.org/10.68232/cj.e019,1,1,Pioneer Volume · July 2026 · Part 1,"Idim, I. T. (2026). Youth Labour-Market Vulnerability in Nigeria’s North-Central Zone: Mixed-Methods Evidence on Skills Mismatch, Informality, Gender and Conflict Exposure. CHIATECH JOURNAL, 1(1), e019. https://doi.org/10.68232/cj.e019",PASS
e020,10.68232/cj.e020,10.68232/cj.e020,REGISTERED,https://doi.org/10.68232/cj.e020,1,1,Pioneer Volume · July 2026 · Part 1,"Chia, S. K. (2026). The Given–Unknown–Equation–Substitute–Solve (GUESS) Principle for Quantitative STEM Problem Solving: A Mixed-Methods Evaluation Across Four Undergraduate Disciplines. CHIATECH JOURNAL, 1(1), e020. https://doi.org/10.68232/cj.e020",PASS
e021,10.68232/cj.e021,10.68232/cj.e021,REGISTERED,https://doi.org/10.68232/cj.e021,1,1,Pioneer Volume · July 2026 · Part 1,"Idim, I. T. (2026). Integrated Livestock Feed Zones, Crop-Residue Utilisation and Economic Growth in Nigeria, 1990–2025: Cointegration, Causality and Error-Correction Evidence. CHIATECH JOURNAL, 1(1), e021. https://doi.org/10.68232/cj.e021",PASS
e022,10.68232/cj.e022,10.68232/cj.e022,REGISTERED,https://doi.org/10.68232/cj.e022,1,1,Pioneer Volume · July 2026 · Part 1,"Nengem, M. M., Avwioro, G. O., & Iyare, G. I. (2026). Multiplex Immunohistochemistry and Immunophenotyping in Predictive Cancer Biomarker Discovery and Targeted Therapy. CHIATECH JOURNAL, 1(1), e022. https://doi.org/10.68232/cj.e022",PASS
e023,10.68232/cj.e023,10.68232/cj.e023,REGISTERED,https://doi.org/10.68232/cj.e023,1,1,Pioneer Volume · July 2026 · Part 1,"Chia, S. K. (2026). Rethinking STEM Teaching and Learning in Nigeria: An Integrated, Inquiry-Driven and Digitally Resilient Framework for the Revised Curriculum Era. CHIATECH JOURNAL, 1(1), e023. https://doi.org/10.68232/cj.e023",PASS
e024,10.68232/cj.e024,10.68232/cj.e024,REGISTERED,https://doi.org/10.68232/cj.e024,1,1,Pioneer Volume · July 2026 · Part 1,"Chia, S. K. (2026). The SETEHEM Model for Knowledge Democratization and Workforce Innovation in Nigeria: A Bidirectional Interdisciplinary Framework Linking Education, Technology and Entrepreneurship. CHIATECH JOURNAL, 1(1), e024. https://doi.org/10.68232/cj.e024",PASS
e025,10.68232/cj.e025,10.68232/cj.e025,REGISTERED,https://doi.org/10.68232/cj.e025,1,1,Pioneer Volume · July 2026 · Part 1,"Nengem, M. M., Avwioro, G. O., & Iyare, G. I. (2026). Multiplex Immunohistochemistry and Spatial Immunophenotyping in Precision Oncology: Predictive Biomarkers, AI-Assisted Analysis and Clinical Translation. CHIATECH JOURNAL, 1(1), e025. https://doi.org/10.68232/cj.e025",PASS
e026,10.68232/cj.e026,10.68232/cj.e026,REGISTERED,https://doi.org/10.68232/cj.e026,1,2,Pioneer Volume · August 2026 · Part 2,"Chia, S. K. (2026). Prompt Engineering for Reliable Large-Language-Model Interaction: From Instruction Design and Grounding to Evaluation and Prompt-Injection Resilience. CHIATECH JOURNAL, 1(2), e026. https://doi.org/10.68232/cj.e026",PASS
e027,10.68232/cj.e027,10.68232/cj.e027,REGISTERED,https://doi.org/10.68232/cj.e027,1,2,Pioneer Volume · August 2026 · Part 2,"Chia, S. K. (2026). Explainable Deep Reinforcement Learning in Robotics: A Taxonomy of Explanations, Evaluation Criteria and Safety-Critical Deployment. CHIATECH JOURNAL, 1(2), e027. https://doi.org/10.68232/cj.e027",PASS
e028,10.68232/cj.e028,10.68232/cj.e028,REGISTERED,https://doi.org/10.68232/cj.e028,1,2,Pioneer Volume · August 2026 · Part 2,"Chia, S. K. (2026). Microlearning for Faculty TPACK Development in Higher Education: An Evidence-Informed Design and Evaluation Framework. CHIATECH JOURNAL, 1(2), e028. https://doi.org/10.68232/cj.e028",PASS
e029,10.68232/cj.e029,10.68232/cj.e029,REGISTERED,https://doi.org/10.68232/cj.e029,1,2,Pioneer Volume · August 2026 · Part 2,"Chia, S. K. (2026). Augmented-Reality-Enhanced Problem-Based Learning in STEM Education: Mechanisms, Evidence and an Implementation Framework for Engagement and Critical Thinking. CHIATECH JOURNAL, 1(2), e029. https://doi.org/10.68232/cj.e029",PASS
e030,10.68232/cj.e030,10.68232/cj.e030,REGISTERED,https://doi.org/10.68232/cj.e030,1,2,Pioneer Volume · August 2026 · Part 2,"Chia, S. K. (2026). Teaching Further Mathematics in Nigerian Secondary Schools: An Evidence-Informed Multi-Pedagogy Framework for Problem Solving, Inquiry, Technology and Collaboration. CHIATECH JOURNAL, 1(2), e030. https://doi.org/10.68232/cj.e030",PASS
e031,10.68232/cj.e031,10.68232/cj.e031,REGISTERED,https://doi.org/10.68232/cj.e031,1,2,Pioneer Volume · August 2026 · Part 2,"Chia, S. K. (2026). Integrating Defensive and Offensive Cybersecurity Education: A Lab-Based Competency Framework for Workforce-Ready Learning. CHIATECH JOURNAL, 1(2), e031. https://doi.org/10.68232/cj.e031",PASS
e032,10.68232/cj.e032,10.68232/cj.e032,REGISTERED,https://doi.org/10.68232/cj.e032,1,2,Pioneer Volume · August 2026 · Part 2,"Akila, L. K. & Agbo, D. A. (2026). Establishment of a Mean Body-Measurement Chart for School Uniforms and Accessories of Primary-School Children Aged 6–12 Years in Jos, Plateau State, Nigeria: An Anthropometric and Prototype-Development Study. CHIATECH JOURNAL, 1(2), e032. https://doi.org/10.68232/cj.e032",PASS
e033,10.68232/cj.e033,10.68232/cj.e033,REGISTERED,https://doi.org/10.68232/cj.e033,1,2,Pioneer Volume · August 2026 · Part 2,"Olumeyan, E. T. (2026). Integrating Business Intelligence and Data Mining for Venture Capital Assessment of Technology Startups: Hybrid Predictive Analytics, Explainable Risk Scoring and Real-Time Signals. CHIATECH JOURNAL, 1(2), e033. https://doi.org/10.68232/cj.e033",PASS
e034,10.68232/cj.e034,10.68232/cj.e034,REGISTERED,https://doi.org/10.68232/cj.e034,1,2,Pioneer Volume · August 2026 · Part 2,"Olumeyan, E. T. (2026). Accounting Practices, Digitalisation and Financial-Risk Analytics among Informal Small Businesses in Gwagwalada, Abuja: An Empirical Accounting Data-Science Study. CHIATECH JOURNAL, 1(2), e034. https://doi.org/10.68232/cj.e034",PASS
e035,10.68232/cj.e035,10.68232/cj.e035,REGISTERED,https://doi.org/10.68232/cj.e035,1,2,Pioneer Volume · August 2026 · Part 2,"Akila, L. K., Mwanle, G. C., & Usman, M. M. (2026). Optimizing Primary-School Uniform Mass Production Through Computer-Aided Basic-Block Development: A Reproducible Parametric Grading and Marker-Planning Experiment. CHIATECH JOURNAL, 1(2), e035. https://doi.org/10.68232/cj.e035",PASS
e036,10.68232/cj.e036,10.68232/cj.e036,REGISTERED,https://doi.org/10.68232/cj.e036,1,2,Pioneer Volume · August 2026 · Part 2,"Olumeyan, E. T. (2026). Accounting Data Science, Digital Record-Keeping and Financial-Risk Management among MSMEs in Nigeria: A Critical Review of Evidence, Infrastructure and Policy. CHIATECH JOURNAL, 1(2), e036. https://doi.org/10.68232/cj.e036",PASS
e037,10.68232/cj.e037,10.68232/cj.e037,REGISTERED,https://doi.org/10.68232/cj.e037,1,2,Pioneer Volume · August 2026 · Part 2,"Ogbu, W. (2026). The Educational Trinity: Home, Child, and School Environment for Secure Learning in Nigeria. CHIATECH JOURNAL, 1(2), e037. https://doi.org/10.68232/cj.e037",PASS
e038,10.68232/cj.e038,10.68232/cj.e038,REGISTERED,https://doi.org/10.68232/cj.e038,1,2,Pioneer Volume · August 2026 · Part 2,"Ogbu, W. (2026). Assessment of Tertiary Institution Students' Perceptions and Experiences of Security in Nigerian Higher Education. CHIATECH JOURNAL, 1(2), e038. https://doi.org/10.68232/cj.e038",PASS
e039,10.68232/cj.e039,10.68232/cj.e039,REGISTERED,https://doi.org/10.68232/cj.e039,1,2,Pioneer Volume · August 2026 · Part 2,"Akila, L. K. & Agbo, D. A. (2026). Textile Upcycling, Family Empowerment and Circular Livelihoods in Jos North, Nigeria: Empirical Evidence from 100 Upcycling Households. CHIATECH JOURNAL, 1(2), e039. https://doi.org/10.68232/cj.e039",PASS
e040,10.68232/cj.e040,10.68232/cj.e040,REGISTERED,https://doi.org/10.68232/cj.e040,1,2,Pioneer Volume · August 2026 · Part 2,"Akila, L. K. & Anisah, J. Z. (2026). Digital Transformation in Clothing Technology: Awareness, Practical Adoption and Barriers to Computer-Aided Design among Tailors in Jos Metropolis, Nigeria. CHIATECH JOURNAL, 1(2), e040. https://doi.org/10.68232/cj.e040",PASS
e041,10.68232/cj.e041,10.68232/cj.e041,REGISTERED,https://doi.org/10.68232/cj.e041,1,2,Pioneer Volume · August 2026 · Part 2,"Ogbu, W. (2026). Security Challenges and Principals' Management Strategies in North-Central Nigerian Secondary Schools. CHIATECH JOURNAL, 1(2), e041. https://doi.org/10.68232/cj.e041",PASS
e042,10.68232/cj.e042,10.68232/cj.e042,REGISTERED,https://doi.org/10.68232/cj.e042,1,2,Pioneer Volume · August 2026 · Part 2,"Amenger, G. (2026). Artificial Intelligence and Smart Border Surveillance for Intellectual Property Rights Enforcement at Nigeria’s Land Borders: A Critical Evidence Review and Responsible Implementation Framework. CHIATECH JOURNAL, 1(2), e042. https://doi.org/10.68232/cj.e042",PASS
e043,10.68232/cj.e043,10.68232/cj.e043,REGISTERED,https://doi.org/10.68232/cj.e043,1,2,Pioneer Volume · August 2026 · Part 2,"Amenger, G. (2026). From Risk Profiles to Counterfeit Interception: AI-Enabled Customs Risk Targeting, Geospatial Intelligence and Non-Intrusive Inspection at Nigeria’s Land Borders. CHIATECH JOURNAL, 1(2), e043. https://doi.org/10.68232/cj.e043",PASS
e044,10.68232/cj.e044,10.68232/cj.e044,REGISTERED,https://doi.org/10.68232/cj.e044,1,2,Pioneer Volume · August 2026 · Part 2,"Amenger, G. (2026). Resilient Hybrid Power Architecture for 24/7 Nigeria Customs Land-Border Operations: Grid, Solar PV, Battery Storage and Generator Coordination. CHIATECH JOURNAL, 1(2), e044. https://doi.org/10.68232/cj.e044",PASS
e045,10.68232/cj.e045,10.68232/cj.e045,REGISTERED,https://doi.org/10.68232/cj.e045,1,2,Pioneer Volume · August 2026 · Part 2,"Abdulrahman, A. A. (2026). Mathematical Modelling of Residential Electricity Demand for Peak-Load Reduction in Nigeria: A Demand-Response Optimisation Framework Calibrated to Dota Community, Gwagwalada. CHIATECH JOURNAL, 1(2), e045. https://doi.org/10.68232/cj.e045",PASS
e046,10.68232/cj.e046,10.68232/cj.e046,REGISTERED,https://doi.org/10.68232/cj.e046,1,2,Pioneer Volume · August 2026 · Part 2,"Chia, S. K., Amenger, G., & Goshwe, N. Y. (2026). Design, Small-Signal Modeling and Prototype Implementation of a 24 V-to-19 V PWM Buck Converter with Type-III Voltage-Mode Compensation. CHIATECH JOURNAL, 1(2), e046. https://doi.org/10.68232/cj.e046",PASS
e047,10.68232/cj.e047,10.68232/cj.e047,REGISTERED,https://doi.org/10.68232/cj.e047,1,2,Pioneer Volume · August 2026 · Part 2,"Chia, S. K. (2026). Prompting for Human-Centred Output: The HUMAN Framework for Credible, Context-Aware Generative AI Writing. CHIATECH JOURNAL, 1(2), e047. https://doi.org/10.68232/cj.e047",PASS
e048,10.68232/cj.e048,10.68232/cj.e048,REGISTERED,https://doi.org/10.68232/cj.e048,1,2,Pioneer Volume · August 2026 · Part 2,"Chia, S. K., Amenger, G., & Goshwe, N. Y. (2026). Loss-Aware Reliability Analysis and Contemporary Re-Engineering of a 24 V-to-19 V, 66.5 W PWM Buck Converter: Component Stress, Efficiency Bounds and Validation Protocol. CHIATECH JOURNAL, 1(2), e048. https://doi.org/10.68232/cj.e048",PASS
e049,10.68232/cj.e049,10.68232/cj.e049,REGISTERED,https://doi.org/10.68232/cj.e049,1,2,Pioneer Volume · August 2026 · Part 2,"Chia, S. K., Amenger, G., & Goshwe, N. Y. (2026). Control-Oriented Mathematical Review of a 24 V-to-19 V PWM Buck Converter: State-Space Averaging, CCM Boundary, Type-III Loop Compensation and Design Consistency. CHIATECH JOURNAL, 1(2), e049. https://doi.org/10.68232/cj.e049",PASS
e050,10.68232/cj.e050,10.68232/cj.e050,REGISTERED,https://doi.org/10.68232/cj.e050,1,2,Pioneer Volume · August 2026 · Part 2,"Abdulrahman, A. A. & Chia, S. K. (2026). Coupled Mathematical Modelling of Building Envelope and Cooling-Efficiency Standards for Nigerian Multi-Unit Housing: An Abuja-Calibrated BEEC–SONMELS Predictive Scenario Framework. CHIATECH JOURNAL, 1(2), e050. https://doi.org/10.68232/cj.e050",PASS
e051,10.68232/cj.e051,10.68232/cj.e051,REGISTERED,https://doi.org/10.68232/cj.e051,1,2,Pioneer Volume · August 2026 · Part 2,"Mellah, I. (2026). Antimicrobial Resistance Profiles of Clinical and Environmental Staphylococcus aureus Across Six Secondary Health-Care Centres in Taraba State, Nigeria: Laboratory Evidence and Contemporary AMR Implications. CHIATECH JOURNAL, 1(2), e051. https://doi.org/10.68232/cj.e051",PASS
e052,10.68232/cj.e052,10.68232/cj.e052,REGISTERED,https://doi.org/10.68232/cj.e052,1,2,Pioneer Volume · August 2026 · Part 2,"Chia, S. K. & Amenger, G. (2026). From AC Socket to Silicon: End-to-End Circuit Analysis of 65 W Modern Laptop Power Systems — A Comparative Study of HP, Dell and Lenovo Architectures. CHIATECH JOURNAL, 1(2), e052. https://doi.org/10.68232/cj.e052",PASS
e053,10.68232/cj.e053,10.68232/cj.e053,REGISTERED,https://doi.org/10.68232/cj.e053,1,2,Pioneer Volume · August 2026 · Part 2,"Mellah, I. (2026). Molecular Virulence and Clonal Architecture of Clinical and Environmental Staphylococcus aureus in Taraba State, Nigeria: PVL, mecA, SCCmec and spa-Typing Evidence. CHIATECH JOURNAL, 1(2), e053. https://doi.org/10.68232/cj.e053",PASS
e054,10.68232/cj.e054,10.68232/cj.e054,REGISTERED,https://doi.org/10.68232/cj.e054,1,2,Pioneer Volume · August 2026 · Part 2,"Emmanuel, C. O. (2026). Renal Biochemical Signatures of Pregnancy-Induced Hypertension in Tertiary Antenatal Care in Enugu State, Nigeria: Electrolyte, Urea–Creatinine and Plasma-Protein Profiles. CHIATECH JOURNAL, 1(2), e054. https://doi.org/10.68232/cj.e054",PASS
e055,10.68232/cj.e055,10.68232/cj.e055,REGISTERED,https://doi.org/10.68232/cj.e055,1,2,Pioneer Volume · August 2026 · Part 2,"Mellah, I. (2026). From Antibiograms to Whole-Genome Surveillance: A Critical Review of Methicillin-Resistant Staphylococcus aureus in Nigeria Across Clinical, Environmental and One Health Interfaces. CHIATECH JOURNAL, 1(2), e055. https://doi.org/10.68232/cj.e055",PASS
e056,10.68232/cj.e056,10.68232/cj.e056,REGISTERED,https://doi.org/10.68232/cj.e056,1,2,Pioneer Volume · August 2026 · Part 2,"Amenger, G. (2026). Renewable Energy and Sustainable Power Systems for Rural Farming Communities in Nigeria: Productive-Use Electrification, Agricultural Resilience and an Integrated Engineering Framework. CHIATECH JOURNAL, 1(2), e056. https://doi.org/10.68232/cj.e056",PASS
e057,10.68232/cj.e057,10.68232/cj.e057,REGISTERED,https://doi.org/10.68232/cj.e057,1,2,Pioneer Volume · August 2026 · Part 2,"Ukule, P. (2026). Responsible Digital Technology Adoption in Nigerian Secondary STEM Education: A Rights, Religious-Pluralism and Child-Safeguarding Framework. CHIATECH JOURNAL, 1(2), e057. https://doi.org/10.68232/cj.e057",PASS
e058,10.68232/cj.e058,10.68232/cj.e058,REGISTERED,https://doi.org/10.68232/cj.e058,1,2,Pioneer Volume · August 2026 · Part 2,"Chia, S. K. (2026). Empowering Nigerian MSMEs through Finance, Technology and Capability: The SCALE Framework for Sustainable Industrial Development. CHIATECH JOURNAL, 1(2), e058. https://doi.org/10.68232/cj.e058",PASS
e059,10.68232/cj.e059,10.68232/cj.e059,REGISTERED,https://doi.org/10.68232/cj.e059,1,2,Pioneer Volume · August 2026 · Part 2,"Zachariah, T. (2026). Testing a Motivation-Based Intervention for Mathematics and English Language Achievement among Senior Secondary School Students: A Randomized Pretest–Posttest Study Protocol. CHIATECH JOURNAL, 1(2), e059. https://doi.org/10.68232/cj.e059",PASS
e060,10.68232/cj.e060,10.68232/cj.e060,REGISTERED,https://doi.org/10.68232/cj.e060,1,2,Pioneer Volume · August 2026 · Part 2,"Idim, I. T. (2026). The Impact of National Cybersecurity Operations Coordination on Critical Economic Sectors and Economic Growth in Nigeria, 2000-2025: A Policy-Economic Evidence Synthesis and Evaluation Framework. CHIATECH JOURNAL, 1(2), e060. https://doi.org/10.68232/cj.e060",PASS
