article_id,doi,crossref_title,version_of_record_title,identity_match,resource_url,action,result
e001,10.68232/cj.e001,"Design, Simulation, Implementation, and Operational Evaluation of the CACGWA Student Revision and CBT Portal: A 500-Item-Bank Randomized Assessment Model for Senior Secondary School Examinations","Design, Simulation, Implementation, and Operational Evaluation of the CACGWA Student Revision and CBT Portal: A 500-Item-Bank Randomized Assessment Model for Senior Secondary School Examinations",SKIPPED,https://journal.chiatechsolutions.com/papers/e001/,Preserve registered resource route with redirect to canonical /papers/eNNN/,SKIPPED
e002,10.68232/cj.e002,"Event Decoration as a Source of Household Income Sustainability in Garkawa, Plateau State, Nigeria: A Descriptive Survey","Event Decoration as a Source of Household Income Sustainability in Garkawa, Plateau State, Nigeria: A Descriptive Survey",SKIPPED,https://journal.chiatechsolutions.com/papers/e002/,Preserve registered resource route with redirect to canonical /papers/eNNN/,SKIPPED
e003,10.68232/cj.e003,"Tailoring Techniques for Special-Occasion Dresses in Berom Land: A Case Study of Jos South Local Government Area, Plateau State, Nigeria","Tailoring Techniques for Special-Occasion Dresses in Berom Land: A Case Study of Jos South Local Government Area, Plateau State, Nigeria",SKIPPED,https://journal.chiatechsolutions.com/papers/e003/,Preserve registered resource route with redirect to canonical /papers/eNNN/,SKIPPED
e004,10.68232/cj.e004,Netlify or Render for an Open-Access Journal Portal? Evidence-Based Deployment Selection for the CHIATECH JOURNAL Architecture,Netlify or Render for an Open-Access Journal Portal? Evidence-Based Deployment Selection for the CHIATECH JOURNAL Architecture,SKIPPED,https://journal.chiatechsolutions.com/papers/e004/,Preserve registered resource route with redirect to canonical /papers/eNNN/,SKIPPED
e005,10.68232/cj.e005,"Church Engagement and Perceived Reduction of Community Insecurity in Abuja, Nigeria: Survey-Weighted Evidence Across the Six FCT Area Councils","Church Engagement and Perceived Reduction of Community Insecurity in Abuja, Nigeria: Survey-Weighted Evidence Across the Six FCT Area Councils",SKIPPED,https://journal.chiatechsolutions.com/papers/e005/,Preserve registered resource route with redirect to canonical /papers/eNNN/,SKIPPED
e006,10.68232/cj.e006,"Verified Early Warning, Lawful Reporting and Community Safety: Church Engagement and Perceived Insecurity Reduction in Abuja, Nigeria","Verified Early Warning, Lawful Reporting and Community Safety: Church Engagement and Perceived Insecurity Reduction in Abuja, Nigeria",SKIPPED,https://journal.chiatechsolutions.com/papers/e006/,Preserve registered resource route with redirect to canonical /papers/eNNN/,SKIPPED
e007,10.68232/cj.e007,"From Peace Teaching to Public Safety: Theological Peace Education, Moral Formation and Perceived Community Insecurity Reduction in Abuja, Nigeria","From Peace Teaching to Public Safety: Theological Peace Education, Moral Formation and Perceived Community Insecurity Reduction in Abuja, Nigeria",SKIPPED,https://journal.chiatechsolutions.com/papers/e007/,Preserve registered resource route with redirect to canonical /papers/eNNN/,SKIPPED
e008,10.68232/cj.e008,"Bridging Faith Communities and Public Institutions: Interfaith and Institutional Collaboration and Perceived Community Security in Abuja, Nigeria","Bridging Faith Communities and Public Institutions: Interfaith and Institutional Collaboration and Perceived Community Security in Abuja, Nigeria",SKIPPED,https://journal.chiatechsolutions.com/papers/e008/,Preserve registered resource route with redirect to canonical /papers/eNNN/,SKIPPED
e009,10.68232/cj.e009,"Church Engagement and Human Security in Nigeria: An Integrative Review of Practical Theology, Conflict Transformation and Social Capital with Implications for Abuja","Church Engagement and Human Security in Nigeria: An Integrative Review of Practical Theology, Conflict Transformation and Social Capital with Implications for Abuja",SKIPPED,https://journal.chiatechsolutions.com/papers/e009/,Preserve registered resource route with redirect to canonical /papers/eNNN/,SKIPPED
e010,10.68232/cj.e010,Selecting Generative AI Systems for Education and Business in 2026: A Capability–Risk Framework for Comparing Frontier and Open-Weight Model Ecosystems,Selecting Generative AI Systems for Education and Business in 2026: A Capability–Risk Framework for Comparing Frontier and Open-Weight Model Ecosystems,SKIPPED,https://journal.chiatechsolutions.com/papers/e010/,Preserve registered resource route with redirect to canonical /papers/eNNN/,SKIPPED
e011,10.68232/cj.e011,Integrating Defensive and Offensive Cybersecurity Education: A Lab-Based Competency Framework for Workforce-Ready Learning,Integrating Defensive and Offensive Cybersecurity Education: A Lab-Based Competency Framework for Workforce-Ready Learning,SKIPPED,https://journal.chiatechsolutions.com/papers/e011/,Preserve registered resource route with redirect to canonical /papers/eNNN/,SKIPPED
e012,10.68232/cj.e012,"Theology in Principle, Inclusion in Practice? Divine Calling and the Theology–Practice Gap in Nigerian Anglican Seminaries","Theology in Principle, Inclusion in Practice? Divine Calling and the Theology–Practice Gap in Nigerian Anglican Seminaries",SKIPPED,https://journal.chiatechsolutions.com/papers/e012/,Preserve registered resource route with redirect to canonical /papers/eNNN/,SKIPPED
e013,10.68232/cj.e013,When Policy Does Not Open the Door: Physical Accessibility and Disability-Inclusion Governance in Anglican Seminaries in Nigeria,When Policy Does Not Open the Door: Physical Accessibility and Disability-Inclusion Governance in Anglican Seminaries in Nigeria,SKIPPED,https://journal.chiatechsolutions.com/papers/e013/,Preserve registered resource route with redirect to canonical /papers/eNNN/,SKIPPED
e014,10.68232/cj.e014,"Who Is Considered Fit for Ministry? Age, Region and Disability-Inclusion Attitudes among Anglican Clergy, Faculty and Administrators in Nigeria","Who Is Considered Fit for Ministry? Age, Region and Disability-Inclusion Attitudes among Anglican Clergy, Faculty and Administrators in Nigeria",SKIPPED,https://journal.chiatechsolutions.com/papers/e014/,Preserve registered resource route with redirect to canonical /papers/eNNN/,SKIPPED
e015,10.68232/cj.e015,"Restricted Inclusion as an Institutional System: Mixed-Methods Evidence on Lived Experience, Gatekeeping and Barriers in Anglican Ministerial Formation in Nigeria","Restricted Inclusion as an Institutional System: Mixed-Methods Evidence on Lived Experience, Gatekeeping and Barriers in Anglican Ministerial Formation in Nigeria",SKIPPED,https://journal.chiatechsolutions.com/papers/e015/,Preserve registered resource route with redirect to canonical /papers/eNNN/,SKIPPED
e016,10.68232/cj.e016,"From Charity to Ecclesial Participation: Disability Theology, Divine Calling and Ministerial Formation in African Christianity — A Critical Review","From Charity to Ecclesial Participation: Disability Theology, Divine Calling and Ministerial Formation in African Christianity — A Critical Review",SKIPPED,https://journal.chiatechsolutions.com/papers/e016/,Preserve registered resource route with redirect to canonical /papers/eNNN/,SKIPPED
e017,10.68232/cj.e017,"Designing the Seminary for Human Diversity: Universal Design, Reasonable Accommodation and Disability-Inclusive Theological Education — A Review","Designing the Seminary for Human Diversity: Universal Design, Reasonable Accommodation and Disability-Inclusive Theological Education — A Review",SKIPPED,https://journal.chiatechsolutions.com/papers/e017/,Preserve registered resource route with redirect to canonical /papers/eNNN/,SKIPPED
e018,10.68232/cj.e018,Deconstructing the Mechanisms Linking Youth Unemployment to Criminality in Nigeria’s North-Central Region: A Grounded Theory Study,Deconstructing the Mechanisms Linking Youth Unemployment to Criminality in Nigeria’s North-Central Region: A Grounded Theory Study,SKIPPED,https://journal.chiatechsolutions.com/papers/e018/,Preserve registered resource route with redirect to canonical /papers/eNNN/,SKIPPED
e019,10.68232/cj.e019,"Youth Labour-Market Vulnerability in Nigeria’s North-Central Zone: Mixed-Methods Evidence on Skills Mismatch, Informality, Gender and Conflict Exposure","Youth Labour-Market Vulnerability in Nigeria’s North-Central Zone: Mixed-Methods Evidence on Skills Mismatch, Informality, Gender and Conflict Exposure",SKIPPED,https://journal.chiatechsolutions.com/papers/e019/,Preserve registered resource route with redirect to canonical /papers/eNNN/,SKIPPED
e020,10.68232/cj.e020,The Given–Unknown–Equation–Substitute–Solve (GUESS) Principle for Quantitative STEM Problem Solving: A Mixed-Methods Evaluation Across Four Undergraduate Disciplines,The Given–Unknown–Equation–Substitute–Solve (GUESS) Principle for Quantitative STEM Problem Solving: A Mixed-Methods Evaluation Across Four Undergraduate Disciplines,SKIPPED,https://journal.chiatechsolutions.com/papers/e020/,Preserve registered resource route with redirect to canonical /papers/eNNN/,SKIPPED
e021,10.68232/cj.e021,"Integrated Livestock Feed Zones, Crop-Residue Utilisation and Economic Growth in Nigeria, 1990–2025: Cointegration, Causality and Error-Correction Evidence","Integrated Livestock Feed Zones, Crop-Residue Utilisation and Economic Growth in Nigeria, 1990–2025: Cointegration, Causality and Error-Correction Evidence",SKIPPED,https://journal.chiatechsolutions.com/papers/e021/,Preserve registered resource route with redirect to canonical /papers/eNNN/,SKIPPED
e022,10.68232/cj.e022,Multiplex Immunohistochemistry and Immunophenotyping in Predictive Cancer Biomarker Discovery and Targeted Therapy,Multiplex Immunohistochemistry and Immunophenotyping in Predictive Cancer Biomarker Discovery and Targeted Therapy,SKIPPED,https://journal.chiatechsolutions.com/papers/e022/,Preserve registered resource route with redirect to canonical /papers/eNNN/,SKIPPED
e023,10.68232/cj.e023,"Rethinking STEM Teaching and Learning in Nigeria: An Integrated, Inquiry-Driven and Digitally Resilient Framework for the Revised Curriculum Era","Rethinking STEM Teaching and Learning in Nigeria: An Integrated, Inquiry-Driven and Digitally Resilient Framework for the Revised Curriculum Era",SKIPPED,https://journal.chiatechsolutions.com/papers/e023/,Preserve registered resource route with redirect to canonical /papers/eNNN/,SKIPPED
e024,10.68232/cj.e024,"The SETEHEM Model for Knowledge Democratization and Workforce Innovation in Nigeria: A Bidirectional Interdisciplinary Framework Linking Education, Technology and Entrepreneurship","The SETEHEM Model for Knowledge Democratization and Workforce Innovation in Nigeria: A Bidirectional Interdisciplinary Framework Linking Education, Technology and Entrepreneurship",SKIPPED,https://journal.chiatechsolutions.com/papers/e024/,Preserve registered resource route with redirect to canonical /papers/eNNN/,SKIPPED
e025,10.68232/cj.e025,"Multiplex Immunohistochemistry and Spatial Immunophenotyping in Precision Oncology: Predictive Biomarkers, AI-Assisted Analysis and Clinical Translation","Multiplex Immunohistochemistry and Spatial Immunophenotyping in Precision Oncology: Predictive Biomarkers, AI-Assisted Analysis and Clinical Translation",SKIPPED,https://journal.chiatechsolutions.com/papers/e025/,Preserve registered resource route with redirect to canonical /papers/eNNN/,SKIPPED
e026,10.68232/cj.e026,Prompt Engineering for Reliable Large-Language-Model Interaction: From Instruction Design and Grounding to Evaluation and Prompt-Injection Resilience,Prompt Engineering for Reliable Large-Language-Model Interaction: From Instruction Design and Grounding to Evaluation and Prompt-Injection Resilience,SKIPPED,https://journal.chiatechsolutions.com/papers/e026/,Preserve registered resource route with redirect to canonical /papers/eNNN/,SKIPPED
e027,10.68232/cj.e027,"Explainable Deep Reinforcement Learning in Robotics: A Taxonomy of Explanations, Evaluation Criteria and Safety-Critical Deployment","Explainable Deep Reinforcement Learning in Robotics: A Taxonomy of Explanations, Evaluation Criteria and Safety-Critical Deployment",SKIPPED,https://journal.chiatechsolutions.com/papers/e027/,Preserve registered resource route with redirect to canonical /papers/eNNN/,SKIPPED
e028,10.68232/cj.e028,Microlearning for Faculty TPACK Development in Higher Education: An Evidence-Informed Design and Evaluation Framework,Microlearning for Faculty TPACK Development in Higher Education: An Evidence-Informed Design and Evaluation Framework,SKIPPED,https://journal.chiatechsolutions.com/papers/e028/,Preserve registered resource route with redirect to canonical /papers/eNNN/,SKIPPED
e029,10.68232/cj.e029,"Augmented-Reality-Enhanced Problem-Based Learning in STEM Education: Mechanisms, Evidence and an Implementation Framework for Engagement and Critical Thinking","Augmented-Reality-Enhanced Problem-Based Learning in STEM Education: Mechanisms, Evidence and an Implementation Framework for Engagement and Critical Thinking",SKIPPED,https://journal.chiatechsolutions.com/papers/e029/,Preserve registered resource route with redirect to canonical /papers/eNNN/,SKIPPED
e030,10.68232/cj.e030,"Teaching Further Mathematics in Nigerian Secondary Schools: An Evidence-Informed Multi-Pedagogy Framework for Problem Solving, Inquiry, Technology and Collaboration","Teaching Further Mathematics in Nigerian Secondary Schools: An Evidence-Informed Multi-Pedagogy Framework for Problem Solving, Inquiry, Technology and Collaboration",SKIPPED,https://journal.chiatechsolutions.com/papers/e030/,Preserve registered resource route with redirect to canonical /papers/eNNN/,SKIPPED
e031,10.68232/cj.e031,Integrating Defensive and Offensive Cybersecurity Education: A Lab-Based Competency Framework for Workforce-Ready Learning,Integrating Defensive and Offensive Cybersecurity Education: A Lab-Based Competency Framework for Workforce-Ready Learning,SKIPPED,https://journal.chiatechsolutions.com/papers/e031/,Preserve registered resource route with redirect to canonical /papers/eNNN/,SKIPPED
e032,10.68232/cj.e032,"Establishment of a Mean Body-Measurement Chart for School Uniforms and Accessories of Primary-School Children Aged 6–12 Years in Jos, Plateau State, Nigeria: An Anthropometric and Prototype-Development Study","Establishment of a Mean Body-Measurement Chart for School Uniforms and Accessories of Primary-School Children Aged 6–12 Years in Jos, Plateau State, Nigeria: An Anthropometric and Prototype-Development Study",SKIPPED,https://journal.chiatechsolutions.com/papers/e032/,Preserve registered resource route with redirect to canonical /papers/eNNN/,SKIPPED
e033,10.68232/cj.e033,"Integrating Business Intelligence and Data Mining for Venture Capital Assessment of Technology Startups: Hybrid Predictive Analytics, Explainable Risk Scoring and Real-Time Signals","Integrating Business Intelligence and Data Mining for Venture Capital Assessment of Technology Startups: Hybrid Predictive Analytics, Explainable Risk Scoring and Real-Time Signals",SKIPPED,https://journal.chiatechsolutions.com/papers/e033/,Preserve registered resource route with redirect to canonical /papers/eNNN/,SKIPPED
e034,10.68232/cj.e034,"Accounting Practices, Digitalisation and Financial-Risk Analytics among Informal Small Businesses in Gwagwalada, Abuja: An Empirical Accounting Data-Science Study","Accounting Practices, Digitalisation and Financial-Risk Analytics among Informal Small Businesses in Gwagwalada, Abuja: An Empirical Accounting Data-Science Study",SKIPPED,https://journal.chiatechsolutions.com/papers/e034/,Preserve registered resource route with redirect to canonical /papers/eNNN/,SKIPPED
e035,10.68232/cj.e035,Optimizing Primary-School Uniform Mass Production Through Computer-Aided Basic-Block Development: A Reproducible Parametric Grading and Marker-Planning Experiment,Optimizing Primary-School Uniform Mass Production Through Computer-Aided Basic-Block Development: A Reproducible Parametric Grading and Marker-Planning Experiment,SKIPPED,https://journal.chiatechsolutions.com/papers/e035/,Preserve registered resource route with redirect to canonical /papers/eNNN/,SKIPPED
e036,10.68232/cj.e036,"Accounting Data Science, Digital Record-Keeping and Financial-Risk Management among MSMEs in Nigeria: A Critical Review of Evidence, Infrastructure and Policy","Accounting Data Science, Digital Record-Keeping and Financial-Risk Management among MSMEs in Nigeria: A Critical Review of Evidence, Infrastructure and Policy",SKIPPED,https://journal.chiatechsolutions.com/papers/e036/,Preserve registered resource route with redirect to canonical /papers/eNNN/,SKIPPED
e037,10.68232/cj.e037,"The Educational Trinity: Home, Child, and School Environment for Secure Learning in Nigeria","The Educational Trinity: Home, Child, and School Environment for Secure Learning in Nigeria",SKIPPED,https://journal.chiatechsolutions.com/papers/e037/,Preserve registered resource route with redirect to canonical /papers/eNNN/,SKIPPED
e038,10.68232/cj.e038,Assessment of Tertiary Institution Students' Perceptions and Experiences of Security in Nigerian Higher Education,Assessment of Tertiary Institution Students' Perceptions and Experiences of Security in Nigerian Higher Education,SKIPPED,https://journal.chiatechsolutions.com/papers/e038/,Preserve registered resource route with redirect to canonical /papers/eNNN/,SKIPPED
e039,10.68232/cj.e039,"Textile Upcycling, Family Empowerment and Circular Livelihoods in Jos North, Nigeria: Empirical Evidence from 100 Upcycling Households","Textile Upcycling, Family Empowerment and Circular Livelihoods in Jos North, Nigeria: Empirical Evidence from 100 Upcycling Households",SKIPPED,https://journal.chiatechsolutions.com/papers/e039/,Preserve registered resource route with redirect to canonical /papers/eNNN/,SKIPPED
e040,10.68232/cj.e040,"Digital Transformation in Clothing Technology: Awareness, Practical Adoption and Barriers to Computer-Aided Design among Tailors in Jos Metropolis, Nigeria","Digital Transformation in Clothing Technology: Awareness, Practical Adoption and Barriers to Computer-Aided Design among Tailors in Jos Metropolis, Nigeria",SKIPPED,https://journal.chiatechsolutions.com/papers/e040/,Preserve registered resource route with redirect to canonical /papers/eNNN/,SKIPPED
e041,10.68232/cj.e041,Security Challenges and Principals' Management Strategies in North-Central Nigerian Secondary Schools,Security Challenges and Principals' Management Strategies in North-Central Nigerian Secondary Schools,SKIPPED,https://journal.chiatechsolutions.com/papers/e041/,Preserve registered resource route with redirect to canonical /papers/eNNN/,SKIPPED
e042,10.68232/cj.e042,Artificial Intelligence and Smart Border Surveillance for Intellectual Property Rights Enforcement at Nigeria’s Land Borders: A Critical Evidence Review and Responsible Implementation Framework,Artificial Intelligence and Smart Border Surveillance for Intellectual Property Rights Enforcement at Nigeria’s Land Borders: A Critical Evidence Review and Responsible Implementation Framework,SKIPPED,https://journal.chiatechsolutions.com/papers/e042/,Preserve registered resource route with redirect to canonical /papers/eNNN/,SKIPPED
e043,10.68232/cj.e043,"From Risk Profiles to Counterfeit Interception: AI-Enabled Customs Risk Targeting, Geospatial Intelligence and Non-Intrusive Inspection at Nigeria’s Land Borders","From Risk Profiles to Counterfeit Interception: AI-Enabled Customs Risk Targeting, Geospatial Intelligence and Non-Intrusive Inspection at Nigeria’s Land Borders",SKIPPED,https://journal.chiatechsolutions.com/papers/e043/,Preserve registered resource route with redirect to canonical /papers/eNNN/,SKIPPED
e044,10.68232/cj.e044,"Resilient Hybrid Power Architecture for 24/7 Nigeria Customs Land-Border Operations: Grid, Solar PV, Battery Storage and Generator Coordination","Resilient Hybrid Power Architecture for 24/7 Nigeria Customs Land-Border Operations: Grid, Solar PV, Battery Storage and Generator Coordination",SKIPPED,https://journal.chiatechsolutions.com/papers/e044/,Preserve registered resource route with redirect to canonical /papers/eNNN/,SKIPPED
e045,10.68232/cj.e045,"Mathematical Modelling of Residential Electricity Demand for Peak-Load Reduction in Nigeria: A Demand-Response Optimisation Framework Calibrated to Dota Community, Gwagwalada","Mathematical Modelling of Residential Electricity Demand for Peak-Load Reduction in Nigeria: A Demand-Response Optimisation Framework Calibrated to Dota Community, Gwagwalada",SKIPPED,https://journal.chiatechsolutions.com/papers/e045/,Preserve registered resource route with redirect to canonical /papers/eNNN/,SKIPPED
e046,10.68232/cj.e046,"Design, Small-Signal Modeling and Prototype Implementation of a 24 V-to-19 V PWM Buck Converter with Type-III Voltage-Mode Compensation","Design, Small-Signal Modeling and Prototype Implementation of a 24 V-to-19 V PWM Buck Converter with Type-III Voltage-Mode Compensation",SKIPPED,https://journal.chiatechsolutions.com/papers/e046/,Preserve registered resource route with redirect to canonical /papers/eNNN/,SKIPPED
e047,10.68232/cj.e047,"Prompting for Human-Centred Output: The HUMAN Framework for Credible, Context-Aware Generative AI Writing","Prompting for Human-Centred Output: The HUMAN Framework for Credible, Context-Aware Generative AI Writing",SKIPPED,https://journal.chiatechsolutions.com/papers/e047/,Preserve registered resource route with redirect to canonical /papers/eNNN/,SKIPPED
e048,10.68232/cj.e048,"Loss-Aware Reliability Analysis and Contemporary Re-Engineering of a 24 V-to-19 V, 66.5 W PWM Buck Converter: Component Stress, Efficiency Bounds and Validation Protocol","Loss-Aware Reliability Analysis and Contemporary Re-Engineering of a 24 V-to-19 V, 66.5 W PWM Buck Converter: Component Stress, Efficiency Bounds and Validation Protocol",SKIPPED,https://journal.chiatechsolutions.com/papers/e048/,Preserve registered resource route with redirect to canonical /papers/eNNN/,SKIPPED
e049,10.68232/cj.e049,"Control-Oriented Mathematical Review of a 24 V-to-19 V PWM Buck Converter: State-Space Averaging, CCM Boundary, Type-III Loop Compensation and Design Consistency","Control-Oriented Mathematical Review of a 24 V-to-19 V PWM Buck Converter: State-Space Averaging, CCM Boundary, Type-III Loop Compensation and Design Consistency",SKIPPED,https://journal.chiatechsolutions.com/papers/e049/,Preserve registered resource route with redirect to canonical /papers/eNNN/,SKIPPED
e050,10.68232/cj.e050,Coupled Mathematical Modelling of Building Envelope and Cooling-Efficiency Standards for Nigerian Multi-Unit Housing: An Abuja-Calibrated BEEC–SONMELS Predictive Scenario Framework,Coupled Mathematical Modelling of Building Envelope and Cooling-Efficiency Standards for Nigerian Multi-Unit Housing: An Abuja-Calibrated BEEC–SONMELS Predictive Scenario Framework,SKIPPED,https://journal.chiatechsolutions.com/papers/e050/,Preserve registered resource route with redirect to canonical /papers/eNNN/,SKIPPED
e051,10.68232/cj.e051,"Antimicrobial Resistance Profiles of Clinical and Environmental Staphylococcus aureus Across Six Secondary Health-Care Centres in Taraba State, Nigeria: Laboratory Evidence and Contemporary AMR Implications","Antimicrobial Resistance Profiles of Clinical and Environmental Staphylococcus aureus Across Six Secondary Health-Care Centres in Taraba State, Nigeria: Laboratory Evidence and Contemporary AMR Implications",SKIPPED,https://journal.chiatechsolutions.com/papers/e051/,Preserve registered resource route with redirect to canonical /papers/eNNN/,SKIPPED
e052,10.68232/cj.e052,"From AC Socket to Silicon: End-to-End Circuit Analysis of 65 W Modern Laptop Power Systems — A Comparative Study of HP, Dell and Lenovo Architectures","From AC Socket to Silicon: End-to-End Circuit Analysis of 65 W Modern Laptop Power Systems — A Comparative Study of HP, Dell and Lenovo Architectures",SKIPPED,https://journal.chiatechsolutions.com/papers/e052/,Preserve registered resource route with redirect to canonical /papers/eNNN/,SKIPPED
e053,10.68232/cj.e053,"Molecular Virulence and Clonal Architecture of Clinical and Environmental Staphylococcus aureus in Taraba State, Nigeria: PVL, mecA, SCCmec and spa-Typing Evidence","Molecular Virulence and Clonal Architecture of Clinical and Environmental Staphylococcus aureus in Taraba State, Nigeria: PVL, mecA, SCCmec and spa-Typing Evidence",SKIPPED,https://journal.chiatechsolutions.com/papers/e053/,Preserve registered resource route with redirect to canonical /papers/eNNN/,SKIPPED
e054,10.68232/cj.e054,"Renal Biochemical Signatures of Pregnancy-Induced Hypertension in Tertiary Antenatal Care in Enugu State, Nigeria: Electrolyte, Urea–Creatinine and Plasma-Protein Profiles","Renal Biochemical Signatures of Pregnancy-Induced Hypertension in Tertiary Antenatal Care in Enugu State, Nigeria: Electrolyte, Urea–Creatinine and Plasma-Protein Profiles",SKIPPED,https://journal.chiatechsolutions.com/papers/e054/,Preserve registered resource route with redirect to canonical /papers/eNNN/,SKIPPED
e055,10.68232/cj.e055,"From Antibiograms to Whole-Genome Surveillance: A Critical Review of Methicillin-Resistant Staphylococcus aureus in Nigeria Across Clinical, Environmental and One Health Interfaces","From Antibiograms to Whole-Genome Surveillance: A Critical Review of Methicillin-Resistant Staphylococcus aureus in Nigeria Across Clinical, Environmental and One Health Interfaces",SKIPPED,https://journal.chiatechsolutions.com/papers/e055/,Preserve registered resource route with redirect to canonical /papers/eNNN/,SKIPPED
e056,10.68232/cj.e056,"Renewable Energy and Sustainable Power Systems for Rural Farming Communities in Nigeria: Productive-Use Electrification, Agricultural Resilience and an Integrated Engineering Framework","Renewable Energy and Sustainable Power Systems for Rural Farming Communities in Nigeria: Productive-Use Electrification, Agricultural Resilience and an Integrated Engineering Framework",SKIPPED,https://journal.chiatechsolutions.com/papers/e056/,Preserve registered resource route with redirect to canonical /papers/eNNN/,SKIPPED
e057,10.68232/cj.e057,"Responsible Digital Technology Adoption in Nigerian Secondary STEM Education: A Rights, Religious-Pluralism and Child-Safeguarding Framework","Responsible Digital Technology Adoption in Nigerian Secondary STEM Education: A Rights, Religious-Pluralism and Child-Safeguarding Framework",SKIPPED,https://journal.chiatechsolutions.com/papers/e057/,Preserve registered resource route with redirect to canonical /papers/eNNN/,SKIPPED
e058,10.68232/cj.e058,"Empowering Nigerian MSMEs through Finance, Technology and Capability: The SCALE Framework for Sustainable Industrial Development","Empowering Nigerian MSMEs through Finance, Technology and Capability: The SCALE Framework for Sustainable Industrial Development",SKIPPED,https://journal.chiatechsolutions.com/papers/e058/,Preserve registered resource route with redirect to canonical /papers/eNNN/,SKIPPED
e059,10.68232/cj.e059,Testing a Motivation-Based Intervention for Mathematics and English Language Achievement among Senior Secondary School Students: A Randomized Pretest–Posttest Study Protocol,Testing a Motivation-Based Intervention for Mathematics and English Language Achievement among Senior Secondary School Students: A Randomized Pretest–Posttest Study Protocol,SKIPPED,https://journal.chiatechsolutions.com/papers/e059/,Preserve registered resource route with redirect to canonical /papers/eNNN/,SKIPPED
e060,10.68232/cj.e060,"The Impact of National Cybersecurity Operations Coordination on Critical Economic Sectors and Economic Growth in Nigeria, 2000-2025: A Policy-Economic Evidence Synthesis and Evaluation Framework","The Impact of National Cybersecurity Operations Coordination on Critical Economic Sectors and Economic Growth in Nigeria, 2000-2025: A Policy-Economic Evidence Synthesis and Evaluation Framework",SKIPPED,https://journal.chiatechsolutions.com/papers/e060/,Preserve registered resource route with redirect to canonical /papers/eNNN/,SKIPPED
