path,git_status,classification,reason,contains_personal_data,contains_secret,public_web_asset,commit
backend/google-apps-script/BLOGBOT-HANDOFF.md, M,DO NOT PUSH,Pre-existing or unrelated working-tree change preserved and not included,POSSIBLE,POSSIBLE,NO,NO
backend/google-apps-script/SETUP.md, M,DO NOT PUSH,Pre-existing or unrelated working-tree change preserved and not included,POSSIBLE,POSSIBLE,NO,NO
books/chapter-manuscript/index.html,??,DO NOT PUSH,Pre-existing or unrelated working-tree change preserved and not included,POSSIBLE,POSSIBLE,NO,NO
books/index.html,??,DO NOT PUSH,Pre-existing or unrelated working-tree change preserved and not included,POSSIBLE,POSSIBLE,NO,NO
CHIATECH JOURNAL — Milestone and ISSN Action Plan.md, D,DO NOT PUSH,Pre-existing or unrelated working-tree change preserved and not included,POSSIBLE,POSSIBLE,NO,NO
crossref/2026-pioneer/CHIATECH_CROSSREF_2026_PIONEER_COMBINED_e001-e060_TIMESTAMP_FIXED.xml,??,DO NOT PUSH,Raw Crossref/source evidence retained locally; public outputs are normalized separately,POSSIBLE,NO,NO,NO
crossref/2026-pioneer/CHIATECH_CROSSREF_V1I2_AUGUST_2026_PART2_e026-e060_TIMESTAMP_FIXED.xml,??,DO NOT PUSH,Raw Crossref/source evidence retained locally; public outputs are normalized separately,POSSIBLE,NO,NO,NO
crossref/2026-pioneer/CHIATECH_PIONEER_CANONICAL_e001-e060.json,??,DO NOT PUSH,Raw Crossref/source evidence retained locally; public outputs are normalized separately,POSSIBLE,NO,NO,NO
crossref/2026-pioneer/html-preview/papers/2026_V1I1_PIONEER_JULY_AUGUST_PART2/e026/html/e026.html,??,DO NOT PUSH,Raw Crossref/source evidence retained locally; public outputs are normalized separately,POSSIBLE,NO,NO,NO
crossref/2026-pioneer/html-preview/papers/2026_V1I1_PIONEER_JULY_AUGUST_PART2/e027/html/e027.html,??,DO NOT PUSH,Raw Crossref/source evidence retained locally; public outputs are normalized separately,POSSIBLE,NO,NO,NO
crossref/2026-pioneer/html-preview/papers/2026_V1I1_PIONEER_JULY_AUGUST_PART2/e028/html/e028.html,??,DO NOT PUSH,Raw Crossref/source evidence retained locally; public outputs are normalized separately,POSSIBLE,NO,NO,NO
crossref/2026-pioneer/html-preview/papers/2026_V1I1_PIONEER_JULY_AUGUST_PART2/e029/html/e029.html,??,DO NOT PUSH,Raw Crossref/source evidence retained locally; public outputs are normalized separately,POSSIBLE,NO,NO,NO
crossref/2026-pioneer/html-preview/papers/2026_V1I1_PIONEER_JULY_AUGUST_PART2/e030/html/e030.html,??,DO NOT PUSH,Raw Crossref/source evidence retained locally; public outputs are normalized separately,POSSIBLE,NO,NO,NO
crossref/2026-pioneer/html-preview/papers/2026_V1I1_PIONEER_JULY_AUGUST_PART2/e031/html/e031.html,??,DO NOT PUSH,Raw Crossref/source evidence retained locally; public outputs are normalized separately,POSSIBLE,NO,NO,NO
crossref/2026-pioneer/html-preview/papers/2026_V1I1_PIONEER_JULY_AUGUST_PART2/e032/html/e032.html,??,DO NOT PUSH,Raw Crossref/source evidence retained locally; public outputs are normalized separately,POSSIBLE,NO,NO,NO
crossref/2026-pioneer/html-preview/papers/2026_V1I1_PIONEER_JULY_AUGUST_PART2/e033/html/e033.html,??,DO NOT PUSH,Raw Crossref/source evidence retained locally; public outputs are normalized separately,POSSIBLE,NO,NO,NO
crossref/2026-pioneer/html-preview/papers/2026_V1I1_PIONEER_JULY_AUGUST_PART2/e034/html/e034.html,??,DO NOT PUSH,Raw Crossref/source evidence retained locally; public outputs are normalized separately,POSSIBLE,NO,NO,NO
crossref/2026-pioneer/html-preview/papers/2026_V1I1_PIONEER_JULY_AUGUST_PART2/e035/html/e035.html,??,DO NOT PUSH,Raw Crossref/source evidence retained locally; public outputs are normalized separately,POSSIBLE,NO,NO,NO
crossref/2026-pioneer/html-preview/papers/2026_V1I1_PIONEER_JULY_AUGUST_PART2/e036/html/e036.html,??,DO NOT PUSH,Raw Crossref/source evidence retained locally; public outputs are normalized separately,POSSIBLE,NO,NO,NO
crossref/2026-pioneer/html-preview/papers/2026_V1I1_PIONEER_JULY_AUGUST_PART2/e037/html/e037.html,??,DO NOT PUSH,Raw Crossref/source evidence retained locally; public outputs are normalized separately,POSSIBLE,NO,NO,NO
crossref/2026-pioneer/html-preview/papers/2026_V1I1_PIONEER_JULY_AUGUST_PART2/e038/html/e038.html,??,DO NOT PUSH,Raw Crossref/source evidence retained locally; public outputs are normalized separately,POSSIBLE,NO,NO,NO
crossref/2026-pioneer/html-preview/papers/2026_V1I1_PIONEER_JULY_AUGUST_PART2/e039/html/e039.html,??,DO NOT PUSH,Raw Crossref/source evidence retained locally; public outputs are normalized separately,POSSIBLE,NO,NO,NO
crossref/2026-pioneer/html-preview/papers/2026_V1I1_PIONEER_JULY_AUGUST_PART2/e040/html/e040.html,??,DO NOT PUSH,Raw Crossref/source evidence retained locally; public outputs are normalized separately,POSSIBLE,NO,NO,NO
crossref/2026-pioneer/html-preview/papers/2026_V1I1_PIONEER_JULY_AUGUST_PART2/e041/html/e041.html,??,DO NOT PUSH,Raw Crossref/source evidence retained locally; public outputs are normalized separately,POSSIBLE,NO,NO,NO
crossref/2026-pioneer/html-preview/papers/2026_V1I1_PIONEER_JULY_AUGUST_PART2/e042/html/e042.html,??,DO NOT PUSH,Raw Crossref/source evidence retained locally; public outputs are normalized separately,POSSIBLE,NO,NO,NO
crossref/2026-pioneer/html-preview/papers/2026_V1I1_PIONEER_JULY_AUGUST_PART2/e043/html/e043.html,??,DO NOT PUSH,Raw Crossref/source evidence retained locally; public outputs are normalized separately,POSSIBLE,NO,NO,NO
crossref/2026-pioneer/html-preview/papers/2026_V1I1_PIONEER_JULY_AUGUST_PART2/e044/html/e044.html,??,DO NOT PUSH,Raw Crossref/source evidence retained locally; public outputs are normalized separately,POSSIBLE,NO,NO,NO
crossref/2026-pioneer/html-preview/papers/2026_V1I1_PIONEER_JULY_AUGUST_PART2/e045/html/e045.html,??,DO NOT PUSH,Raw Crossref/source evidence retained locally; public outputs are normalized separately,POSSIBLE,NO,NO,NO
crossref/2026-pioneer/html-preview/papers/2026_V1I1_PIONEER_JULY_AUGUST_PART2/e046/html/e046.html,??,DO NOT PUSH,Raw Crossref/source evidence retained locally; public outputs are normalized separately,POSSIBLE,NO,NO,NO
crossref/2026-pioneer/html-preview/papers/2026_V1I1_PIONEER_JULY_AUGUST_PART2/e047/html/e047.html,??,DO NOT PUSH,Raw Crossref/source evidence retained locally; public outputs are normalized separately,POSSIBLE,NO,NO,NO
crossref/2026-pioneer/html-preview/papers/2026_V1I1_PIONEER_JULY_AUGUST_PART2/e048/html/e048.html,??,DO NOT PUSH,Raw Crossref/source evidence retained locally; public outputs are normalized separately,POSSIBLE,NO,NO,NO
crossref/2026-pioneer/html-preview/papers/2026_V1I1_PIONEER_JULY_AUGUST_PART2/e049/html/e049.html,??,DO NOT PUSH,Raw Crossref/source evidence retained locally; public outputs are normalized separately,POSSIBLE,NO,NO,NO
crossref/2026-pioneer/html-preview/papers/2026_V1I1_PIONEER_JULY_AUGUST_PART2/e050/html/e050.html,??,DO NOT PUSH,Raw Crossref/source evidence retained locally; public outputs are normalized separately,POSSIBLE,NO,NO,NO
crossref/2026-pioneer/html-preview/papers/2026_V1I1_PIONEER_JULY_AUGUST_PART2/e051/html/e051.html,??,DO NOT PUSH,Raw Crossref/source evidence retained locally; public outputs are normalized separately,POSSIBLE,NO,NO,NO
crossref/2026-pioneer/html-preview/papers/2026_V1I1_PIONEER_JULY_AUGUST_PART2/e052/html/e052.html,??,DO NOT PUSH,Raw Crossref/source evidence retained locally; public outputs are normalized separately,POSSIBLE,NO,NO,NO
crossref/2026-pioneer/html-preview/papers/2026_V1I1_PIONEER_JULY_AUGUST_PART2/e053/html/e053.html,??,DO NOT PUSH,Raw Crossref/source evidence retained locally; public outputs are normalized separately,POSSIBLE,NO,NO,NO
crossref/2026-pioneer/html-preview/papers/2026_V1I1_PIONEER_JULY_AUGUST_PART2/e054/html/e054.html,??,DO NOT PUSH,Raw Crossref/source evidence retained locally; public outputs are normalized separately,POSSIBLE,NO,NO,NO
crossref/2026-pioneer/html-preview/papers/2026_V1I1_PIONEER_JULY_AUGUST_PART2/e055/html/e055.html,??,DO NOT PUSH,Raw Crossref/source evidence retained locally; public outputs are normalized separately,POSSIBLE,NO,NO,NO
crossref/2026-pioneer/html-preview/papers/2026_V1I1_PIONEER_JULY_AUGUST_PART2/e056/html/e056.html,??,DO NOT PUSH,Raw Crossref/source evidence retained locally; public outputs are normalized separately,POSSIBLE,NO,NO,NO
crossref/2026-pioneer/html-preview/papers/2026_V1I1_PIONEER_JULY_AUGUST_PART2/e057/html/e057.html,??,DO NOT PUSH,Raw Crossref/source evidence retained locally; public outputs are normalized separately,POSSIBLE,NO,NO,NO
crossref/2026-pioneer/html-preview/papers/2026_V1I1_PIONEER_JULY_AUGUST_PART2/e058/html/e058.html,??,DO NOT PUSH,Raw Crossref/source evidence retained locally; public outputs are normalized separately,POSSIBLE,NO,NO,NO
crossref/2026-pioneer/html-preview/papers/2026_V1I1_PIONEER_JULY_AUGUST_PART2/e059/html/e059.html,??,DO NOT PUSH,Raw Crossref/source evidence retained locally; public outputs are normalized separately,POSSIBLE,NO,NO,NO
crossref/2026-pioneer/html-preview/papers/2026_V1I1_PIONEER_JULY_AUGUST_PART2/e060/html/e060.html,??,DO NOT PUSH,Raw Crossref/source evidence retained locally; public outputs are normalized separately,POSSIBLE,NO,NO,NO
crossref/2026-pioneer/html-preview/papers/e006/index.html,??,DO NOT PUSH,Raw Crossref/source evidence retained locally; public outputs are normalized separately,POSSIBLE,NO,NO,NO
crossref/2026-pioneer/html-preview/papers/e007/index.html,??,DO NOT PUSH,Raw Crossref/source evidence retained locally; public outputs are normalized separately,POSSIBLE,NO,NO,NO
crossref/2026-pioneer/html-preview/papers/e008/index.html,??,DO NOT PUSH,Raw Crossref/source evidence retained locally; public outputs are normalized separately,POSSIBLE,NO,NO,NO
crossref/2026-pioneer/html-preview/papers/e020/index.html,??,DO NOT PUSH,Raw Crossref/source evidence retained locally; public outputs are normalized separately,POSSIBLE,NO,NO,NO
crossref/2026-pioneer/journal-identifier-approval.json,??,DO NOT PUSH,Raw Crossref/source evidence retained locally; public outputs are normalized separately,POSSIBLE,NO,NO,NO
crossref/2026-pioneer/READY_FOR_CROSSREF_UPLOAD.md,??,DO NOT PUSH,Raw Crossref/source evidence retained locally; public outputs are normalized separately,POSSIBLE,NO,NO,NO
crossref/2026-pioneer/source-evidence/papers/2026_V1I1_PIONEER_JULY_AUGUST_PART2/e026/html/e026.html,??,DO NOT PUSH,Raw Crossref/source evidence retained locally; public outputs are normalized separately,POSSIBLE,NO,NO,NO
crossref/2026-pioneer/source-evidence/papers/2026_V1I1_PIONEER_JULY_AUGUST_PART2/e027/html/e027.html,??,DO NOT PUSH,Raw Crossref/source evidence retained locally; public outputs are normalized separately,POSSIBLE,NO,NO,NO
crossref/2026-pioneer/source-evidence/papers/2026_V1I1_PIONEER_JULY_AUGUST_PART2/e028/html/e028.html,??,DO NOT PUSH,Raw Crossref/source evidence retained locally; public outputs are normalized separately,POSSIBLE,NO,NO,NO
crossref/2026-pioneer/source-evidence/papers/2026_V1I1_PIONEER_JULY_AUGUST_PART2/e029/html/e029.html,??,DO NOT PUSH,Raw Crossref/source evidence retained locally; public outputs are normalized separately,POSSIBLE,NO,NO,NO
crossref/2026-pioneer/source-evidence/papers/2026_V1I1_PIONEER_JULY_AUGUST_PART2/e030/html/e030.html,??,DO NOT PUSH,Raw Crossref/source evidence retained locally; public outputs are normalized separately,POSSIBLE,NO,NO,NO
crossref/2026-pioneer/source-evidence/papers/2026_V1I1_PIONEER_JULY_AUGUST_PART2/e031/html/e031.html,??,DO NOT PUSH,Raw Crossref/source evidence retained locally; public outputs are normalized separately,POSSIBLE,NO,NO,NO
crossref/2026-pioneer/source-evidence/papers/2026_V1I1_PIONEER_JULY_AUGUST_PART2/e032/html/e032.html,??,DO NOT PUSH,Raw Crossref/source evidence retained locally; public outputs are normalized separately,POSSIBLE,NO,NO,NO
crossref/2026-pioneer/source-evidence/papers/2026_V1I1_PIONEER_JULY_AUGUST_PART2/e033/html/e033.html,??,DO NOT PUSH,Raw Crossref/source evidence retained locally; public outputs are normalized separately,POSSIBLE,NO,NO,NO
crossref/2026-pioneer/source-evidence/papers/2026_V1I1_PIONEER_JULY_AUGUST_PART2/e034/html/e034.html,??,DO NOT PUSH,Raw Crossref/source evidence retained locally; public outputs are normalized separately,POSSIBLE,NO,NO,NO
crossref/2026-pioneer/source-evidence/papers/2026_V1I1_PIONEER_JULY_AUGUST_PART2/e035/html/e035.html,??,DO NOT PUSH,Raw Crossref/source evidence retained locally; public outputs are normalized separately,POSSIBLE,NO,NO,NO
crossref/2026-pioneer/source-evidence/papers/2026_V1I1_PIONEER_JULY_AUGUST_PART2/e036/html/e036.html,??,DO NOT PUSH,Raw Crossref/source evidence retained locally; public outputs are normalized separately,POSSIBLE,NO,NO,NO
crossref/2026-pioneer/source-evidence/papers/2026_V1I1_PIONEER_JULY_AUGUST_PART2/e037/html/e037.html,??,DO NOT PUSH,Raw Crossref/source evidence retained locally; public outputs are normalized separately,POSSIBLE,NO,NO,NO
crossref/2026-pioneer/source-evidence/papers/2026_V1I1_PIONEER_JULY_AUGUST_PART2/e038/html/e038.html,??,DO NOT PUSH,Raw Crossref/source evidence retained locally; public outputs are normalized separately,POSSIBLE,NO,NO,NO
crossref/2026-pioneer/source-evidence/papers/2026_V1I1_PIONEER_JULY_AUGUST_PART2/e039/html/e039.html,??,DO NOT PUSH,Raw Crossref/source evidence retained locally; public outputs are normalized separately,POSSIBLE,NO,NO,NO
crossref/2026-pioneer/source-evidence/papers/2026_V1I1_PIONEER_JULY_AUGUST_PART2/e040/html/e040.html,??,DO NOT PUSH,Raw Crossref/source evidence retained locally; public outputs are normalized separately,POSSIBLE,NO,NO,NO
crossref/2026-pioneer/source-evidence/papers/2026_V1I1_PIONEER_JULY_AUGUST_PART2/e041/html/e041.html,??,DO NOT PUSH,Raw Crossref/source evidence retained locally; public outputs are normalized separately,POSSIBLE,NO,NO,NO
crossref/2026-pioneer/source-evidence/papers/2026_V1I1_PIONEER_JULY_AUGUST_PART2/e042/html/e042.html,??,DO NOT PUSH,Raw Crossref/source evidence retained locally; public outputs are normalized separately,POSSIBLE,NO,NO,NO
crossref/2026-pioneer/source-evidence/papers/2026_V1I1_PIONEER_JULY_AUGUST_PART2/e043/html/e043.html,??,DO NOT PUSH,Raw Crossref/source evidence retained locally; public outputs are normalized separately,POSSIBLE,NO,NO,NO
crossref/2026-pioneer/source-evidence/papers/2026_V1I1_PIONEER_JULY_AUGUST_PART2/e044/html/e044.html,??,DO NOT PUSH,Raw Crossref/source evidence retained locally; public outputs are normalized separately,POSSIBLE,NO,NO,NO
crossref/2026-pioneer/source-evidence/papers/2026_V1I1_PIONEER_JULY_AUGUST_PART2/e045/html/e045.html,??,DO NOT PUSH,Raw Crossref/source evidence retained locally; public outputs are normalized separately,POSSIBLE,NO,NO,NO
crossref/2026-pioneer/source-evidence/papers/2026_V1I1_PIONEER_JULY_AUGUST_PART2/e046/html/e046.html,??,DO NOT PUSH,Raw Crossref/source evidence retained locally; public outputs are normalized separately,POSSIBLE,NO,NO,NO
crossref/2026-pioneer/source-evidence/papers/2026_V1I1_PIONEER_JULY_AUGUST_PART2/e047/html/e047.html,??,DO NOT PUSH,Raw Crossref/source evidence retained locally; public outputs are normalized separately,POSSIBLE,NO,NO,NO
crossref/2026-pioneer/source-evidence/papers/2026_V1I1_PIONEER_JULY_AUGUST_PART2/e048/html/e048.html,??,DO NOT PUSH,Raw Crossref/source evidence retained locally; public outputs are normalized separately,POSSIBLE,NO,NO,NO
crossref/2026-pioneer/source-evidence/papers/2026_V1I1_PIONEER_JULY_AUGUST_PART2/e049/html/e049.html,??,DO NOT PUSH,Raw Crossref/source evidence retained locally; public outputs are normalized separately,POSSIBLE,NO,NO,NO
crossref/2026-pioneer/source-evidence/papers/2026_V1I1_PIONEER_JULY_AUGUST_PART2/e050/html/e050.html,??,DO NOT PUSH,Raw Crossref/source evidence retained locally; public outputs are normalized separately,POSSIBLE,NO,NO,NO
crossref/2026-pioneer/source-evidence/papers/2026_V1I1_PIONEER_JULY_AUGUST_PART2/e051/html/e051.html,??,DO NOT PUSH,Raw Crossref/source evidence retained locally; public outputs are normalized separately,POSSIBLE,NO,NO,NO
crossref/2026-pioneer/source-evidence/papers/2026_V1I1_PIONEER_JULY_AUGUST_PART2/e052/html/e052.html,??,DO NOT PUSH,Raw Crossref/source evidence retained locally; public outputs are normalized separately,POSSIBLE,NO,NO,NO
crossref/2026-pioneer/source-evidence/papers/2026_V1I1_PIONEER_JULY_AUGUST_PART2/e053/html/e053.html,??,DO NOT PUSH,Raw Crossref/source evidence retained locally; public outputs are normalized separately,POSSIBLE,NO,NO,NO
crossref/2026-pioneer/source-evidence/papers/2026_V1I1_PIONEER_JULY_AUGUST_PART2/e054/html/e054.html,??,DO NOT PUSH,Raw Crossref/source evidence retained locally; public outputs are normalized separately,POSSIBLE,NO,NO,NO
crossref/2026-pioneer/source-evidence/papers/2026_V1I1_PIONEER_JULY_AUGUST_PART2/e055/html/e055.html,??,DO NOT PUSH,Raw Crossref/source evidence retained locally; public outputs are normalized separately,POSSIBLE,NO,NO,NO
crossref/2026-pioneer/source-evidence/papers/2026_V1I1_PIONEER_JULY_AUGUST_PART2/e056/html/e056.html,??,DO NOT PUSH,Raw Crossref/source evidence retained locally; public outputs are normalized separately,POSSIBLE,NO,NO,NO
crossref/2026-pioneer/source-evidence/papers/2026_V1I1_PIONEER_JULY_AUGUST_PART2/e057/html/e057.html,??,DO NOT PUSH,Raw Crossref/source evidence retained locally; public outputs are normalized separately,POSSIBLE,NO,NO,NO
crossref/2026-pioneer/source-evidence/papers/2026_V1I1_PIONEER_JULY_AUGUST_PART2/e058/html/e058.html,??,DO NOT PUSH,Raw Crossref/source evidence retained locally; public outputs are normalized separately,POSSIBLE,NO,NO,NO
crossref/2026-pioneer/source-evidence/papers/2026_V1I1_PIONEER_JULY_AUGUST_PART2/e059/html/e059.html,??,DO NOT PUSH,Raw Crossref/source evidence retained locally; public outputs are normalized separately,POSSIBLE,NO,NO,NO
crossref/2026-pioneer/source-evidence/papers/2026_V1I1_PIONEER_JULY_AUGUST_PART2/e060/html/e060.html,??,DO NOT PUSH,Raw Crossref/source evidence retained locally; public outputs are normalized separately,POSSIBLE,NO,NO,NO
crossref/2026-pioneer/source-evidence/papers/e001/index.html,??,DO NOT PUSH,Raw Crossref/source evidence retained locally; public outputs are normalized separately,POSSIBLE,NO,NO,NO
crossref/2026-pioneer/source-evidence/papers/e002/index.html,??,DO NOT PUSH,Raw Crossref/source evidence retained locally; public outputs are normalized separately,POSSIBLE,NO,NO,NO
crossref/2026-pioneer/source-evidence/papers/e003/index.html,??,DO NOT PUSH,Raw Crossref/source evidence retained locally; public outputs are normalized separately,POSSIBLE,NO,NO,NO
crossref/2026-pioneer/source-evidence/papers/e004/index.html,??,DO NOT PUSH,Raw Crossref/source evidence retained locally; public outputs are normalized separately,POSSIBLE,NO,NO,NO
crossref/2026-pioneer/source-evidence/papers/e005/index.html,??,DO NOT PUSH,Raw Crossref/source evidence retained locally; public outputs are normalized separately,POSSIBLE,NO,NO,NO
crossref/2026-pioneer/source-evidence/papers/e006/index.html,??,DO NOT PUSH,Raw Crossref/source evidence retained locally; public outputs are normalized separately,POSSIBLE,NO,NO,NO
crossref/2026-pioneer/source-evidence/papers/e007/index.html,??,DO NOT PUSH,Raw Crossref/source evidence retained locally; public outputs are normalized separately,POSSIBLE,NO,NO,NO
crossref/2026-pioneer/source-evidence/papers/e008/index.html,??,DO NOT PUSH,Raw Crossref/source evidence retained locally; public outputs are normalized separately,POSSIBLE,NO,NO,NO
crossref/2026-pioneer/source-evidence/papers/e009/index.html,??,DO NOT PUSH,Raw Crossref/source evidence retained locally; public outputs are normalized separately,POSSIBLE,NO,NO,NO
crossref/2026-pioneer/source-evidence/papers/e010/index.html,??,DO NOT PUSH,Raw Crossref/source evidence retained locally; public outputs are normalized separately,POSSIBLE,NO,NO,NO
crossref/2026-pioneer/source-evidence/papers/e011/index.html,??,DO NOT PUSH,Raw Crossref/source evidence retained locally; public outputs are normalized separately,POSSIBLE,NO,NO,NO
crossref/2026-pioneer/source-evidence/papers/e012/index.html,??,DO NOT PUSH,Raw Crossref/source evidence retained locally; public outputs are normalized separately,POSSIBLE,NO,NO,NO
crossref/2026-pioneer/source-evidence/papers/e013/index.html,??,DO NOT PUSH,Raw Crossref/source evidence retained locally; public outputs are normalized separately,POSSIBLE,NO,NO,NO
crossref/2026-pioneer/source-evidence/papers/e014/index.html,??,DO NOT PUSH,Raw Crossref/source evidence retained locally; public outputs are normalized separately,POSSIBLE,NO,NO,NO
crossref/2026-pioneer/source-evidence/papers/e015/index.html,??,DO NOT PUSH,Raw Crossref/source evidence retained locally; public outputs are normalized separately,POSSIBLE,NO,NO,NO
crossref/2026-pioneer/source-evidence/papers/e016/index.html,??,DO NOT PUSH,Raw Crossref/source evidence retained locally; public outputs are normalized separately,POSSIBLE,NO,NO,NO
crossref/2026-pioneer/source-evidence/papers/e017/index.html,??,DO NOT PUSH,Raw Crossref/source evidence retained locally; public outputs are normalized separately,POSSIBLE,NO,NO,NO
crossref/2026-pioneer/source-evidence/papers/e018/index.html,??,DO NOT PUSH,Raw Crossref/source evidence retained locally; public outputs are normalized separately,POSSIBLE,NO,NO,NO
crossref/2026-pioneer/source-evidence/papers/e019/index.html,??,DO NOT PUSH,Raw Crossref/source evidence retained locally; public outputs are normalized separately,POSSIBLE,NO,NO,NO
crossref/2026-pioneer/source-evidence/papers/e020/index.html,??,DO NOT PUSH,Raw Crossref/source evidence retained locally; public outputs are normalized separately,POSSIBLE,NO,NO,NO
crossref/2026-pioneer/source-evidence/papers/e021/index.html,??,DO NOT PUSH,Raw Crossref/source evidence retained locally; public outputs are normalized separately,POSSIBLE,NO,NO,NO
crossref/2026-pioneer/source-evidence/papers/e022/index.html,??,DO NOT PUSH,Raw Crossref/source evidence retained locally; public outputs are normalized separately,POSSIBLE,NO,NO,NO
crossref/2026-pioneer/source-evidence/papers/e023/index.html,??,DO NOT PUSH,Raw Crossref/source evidence retained locally; public outputs are normalized separately,POSSIBLE,NO,NO,NO
crossref/2026-pioneer/source-evidence/papers/e024/index.html,??,DO NOT PUSH,Raw Crossref/source evidence retained locally; public outputs are normalized separately,POSSIBLE,NO,NO,NO
crossref/2026-pioneer/source-evidence/papers/e025/index.html,??,DO NOT PUSH,Raw Crossref/source evidence retained locally; public outputs are normalized separately,POSSIBLE,NO,NO,NO
crossref/2026-pioneer/validation/author-audit.csv,??,DO NOT PUSH,Raw Crossref/source evidence retained locally; public outputs are normalized separately,POSSIBLE,NO,NO,NO
crossref/2026-pioneer/validation/crossref-preflight-report.md,??,DO NOT PUSH,Raw Crossref/source evidence retained locally; public outputs are normalized separately,POSSIBLE,NO,NO,NO
crossref/2026-pioneer/validation/crossref-xsd-validation.txt,??,DO NOT PUSH,Raw Crossref/source evidence retained locally; public outputs are normalized separately,POSSIBLE,NO,NO,NO
crossref/2026-pioneer/validation/date-audit.csv,??,DO NOT PUSH,Raw Crossref/source evidence retained locally; public outputs are normalized separately,POSSIBLE,NO,NO,NO
crossref/2026-pioneer/validation/duplicate-article-id-check.csv,??,DO NOT PUSH,Raw Crossref/source evidence retained locally; public outputs are normalized separately,POSSIBLE,NO,NO,NO
crossref/2026-pioneer/validation/duplicate-doi-check.csv,??,DO NOT PUSH,Raw Crossref/source evidence retained locally; public outputs are normalized separately,POSSIBLE,NO,NO,NO
crossref/2026-pioneer/validation/html-pdf-consistency.csv,??,DO NOT PUSH,Raw Crossref/source evidence retained locally; public outputs are normalized separately,POSSIBLE,NO,NO,NO
crossref/2026-pioneer/validation/issue-audit.csv,??,DO NOT PUSH,Raw Crossref/source evidence retained locally; public outputs are normalized separately,POSSIBLE,NO,NO,NO
crossref/2026-pioneer/validation/metadata-audit.csv,??,DO NOT PUSH,Raw Crossref/source evidence retained locally; public outputs are normalized separately,POSSIBLE,NO,NO,NO
crossref/2026-pioneer/validation/metadata-conflicts.csv,??,DO NOT PUSH,Raw Crossref/source evidence retained locally; public outputs are normalized separately,POSSIBLE,NO,NO,NO
crossref/2026-pioneer/validation/pdf-render-qa.csv,??,DO NOT PUSH,Raw Crossref/source evidence retained locally; public outputs are normalized separately,POSSIBLE,NO,NO,NO
crossref/2026-pioneer/validation/public-doi-label-cleanup.json,??,DO NOT PUSH,Raw Crossref/source evidence retained locally; public outputs are normalized separately,POSSIBLE,NO,NO,NO
crossref/2026-pioneer/validation/publication-package-validation.json,??,DO NOT PUSH,Raw Crossref/source evidence retained locally; public outputs are normalized separately,POSSIBLE,NO,NO,NO
crossref/2026-pioneer/validation/publication-readiness.csv,??,DO NOT PUSH,Raw Crossref/source evidence retained locally; public outputs are normalized separately,POSSIBLE,NO,NO,NO
crossref/2026-pioneer/validation/title-audit.csv,??,DO NOT PUSH,Raw Crossref/source evidence retained locally; public outputs are normalized separately,POSSIBLE,NO,NO,NO
crossref/2026-pioneer/validation/url-check.csv,??,DO NOT PUSH,Raw Crossref/source evidence retained locally; public outputs are normalized separately,POSSIBLE,NO,NO,NO
CROSSREF_JULY_AUGUST_AUDIT_2026-09-10/CROSSREF_DEPOSIT_README.md, D,DO NOT PUSH,Pre-existing or unrelated working-tree change preserved and not included,POSSIBLE,POSSIBLE,NO,NO
CROSSREF_JULY_AUGUST_AUDIT_2026-09-10/CROSSREF_DEPOSIT_V2I1_AUGUST_2026.json, D,DO NOT PUSH,Pre-existing or unrelated working-tree change preserved and not included,POSSIBLE,POSSIBLE,NO,NO
CROSSREF_JULY_AUGUST_AUDIT_2026-09-10/CROSSREF_DEPOSIT_V2I1_AUGUST_2026.xml, D,DO NOT PUSH,Pre-existing or unrelated working-tree change preserved and not included,POSSIBLE,POSSIBLE,NO,NO
CROSSREF_JULY_AUGUST_AUDIT_2026-09-10/CROSSREF_RECONCILIATION_ISSUES.json, D,DO NOT PUSH,Pre-existing or unrelated working-tree change preserved and not included,POSSIBLE,POSSIBLE,NO,NO
CROSSREF_JULY_AUGUST_AUDIT_2026-09-10/CROSSREF_REGISTRATION_AND_RELEASE_GUIDE.md, D,DO NOT PUSH,Pre-existing or unrelated working-tree change preserved and not included,POSSIBLE,POSSIBLE,NO,NO
papers/2026_V1I1_PIONEER_JULY_AUGUST_PART2/e026/html/e026.html, M,DO NOT PUSH,Pre-existing historical-route working changes preserved but excluded; redirects provide compatibility,NO,NO,NO,NO
papers/2026_V1I1_PIONEER_JULY_AUGUST_PART2/e027/html/e027.html, M,DO NOT PUSH,Pre-existing historical-route working changes preserved but excluded; redirects provide compatibility,NO,NO,NO,NO
papers/2026_V1I1_PIONEER_JULY_AUGUST_PART2/e028/html/e028.html, M,DO NOT PUSH,Pre-existing historical-route working changes preserved but excluded; redirects provide compatibility,NO,NO,NO,NO
papers/2026_V1I1_PIONEER_JULY_AUGUST_PART2/e029/html/e029.html, M,DO NOT PUSH,Pre-existing historical-route working changes preserved but excluded; redirects provide compatibility,NO,NO,NO,NO
papers/2026_V1I1_PIONEER_JULY_AUGUST_PART2/e030/html/e030.html, M,DO NOT PUSH,Pre-existing historical-route working changes preserved but excluded; redirects provide compatibility,NO,NO,NO,NO
papers/2026_V1I1_PIONEER_JULY_AUGUST_PART2/e031/html/e031.html, M,DO NOT PUSH,Pre-existing historical-route working changes preserved but excluded; redirects provide compatibility,NO,NO,NO,NO
papers/2026_V1I1_PIONEER_JULY_AUGUST_PART2/e032/html/e032.html, M,DO NOT PUSH,Pre-existing historical-route working changes preserved but excluded; redirects provide compatibility,NO,NO,NO,NO
papers/2026_V1I1_PIONEER_JULY_AUGUST_PART2/e033/html/e033.html, M,DO NOT PUSH,Pre-existing historical-route working changes preserved but excluded; redirects provide compatibility,NO,NO,NO,NO
papers/2026_V1I1_PIONEER_JULY_AUGUST_PART2/e034/html/e034.html, M,DO NOT PUSH,Pre-existing historical-route working changes preserved but excluded; redirects provide compatibility,NO,NO,NO,NO
papers/2026_V1I1_PIONEER_JULY_AUGUST_PART2/e035/html/e035.html, M,DO NOT PUSH,Pre-existing historical-route working changes preserved but excluded; redirects provide compatibility,NO,NO,NO,NO
papers/2026_V1I1_PIONEER_JULY_AUGUST_PART2/e036/html/e036.html, M,DO NOT PUSH,Pre-existing historical-route working changes preserved but excluded; redirects provide compatibility,NO,NO,NO,NO
papers/2026_V1I1_PIONEER_JULY_AUGUST_PART2/e037/html/e037.html, M,DO NOT PUSH,Pre-existing historical-route working changes preserved but excluded; redirects provide compatibility,NO,NO,NO,NO
papers/2026_V1I1_PIONEER_JULY_AUGUST_PART2/e038/html/e038.html, M,DO NOT PUSH,Pre-existing historical-route working changes preserved but excluded; redirects provide compatibility,NO,NO,NO,NO
papers/2026_V1I1_PIONEER_JULY_AUGUST_PART2/e039/html/e039.html, M,DO NOT PUSH,Pre-existing historical-route working changes preserved but excluded; redirects provide compatibility,NO,NO,NO,NO
papers/2026_V1I1_PIONEER_JULY_AUGUST_PART2/e040/html/e040.html, M,DO NOT PUSH,Pre-existing historical-route working changes preserved but excluded; redirects provide compatibility,NO,NO,NO,NO
papers/2026_V1I1_PIONEER_JULY_AUGUST_PART2/e041/html/e041.html, M,DO NOT PUSH,Pre-existing historical-route working changes preserved but excluded; redirects provide compatibility,NO,NO,NO,NO
papers/2026_V1I1_PIONEER_JULY_AUGUST_PART2/e042/html/e042.html, M,DO NOT PUSH,Pre-existing historical-route working changes preserved but excluded; redirects provide compatibility,NO,NO,NO,NO
papers/2026_V1I1_PIONEER_JULY_AUGUST_PART2/e043/html/e043.html, M,DO NOT PUSH,Pre-existing historical-route working changes preserved but excluded; redirects provide compatibility,NO,NO,NO,NO
papers/2026_V1I1_PIONEER_JULY_AUGUST_PART2/e044/html/e044.html, M,DO NOT PUSH,Pre-existing historical-route working changes preserved but excluded; redirects provide compatibility,NO,NO,NO,NO
papers/2026_V1I1_PIONEER_JULY_AUGUST_PART2/e045/html/e045.html, M,DO NOT PUSH,Pre-existing historical-route working changes preserved but excluded; redirects provide compatibility,NO,NO,NO,NO
papers/2026_V1I1_PIONEER_JULY_AUGUST_PART2/e046/html/e046.html, M,DO NOT PUSH,Pre-existing historical-route working changes preserved but excluded; redirects provide compatibility,NO,NO,NO,NO
papers/2026_V1I1_PIONEER_JULY_AUGUST_PART2/e047/html/e047.html, M,DO NOT PUSH,Pre-existing historical-route working changes preserved but excluded; redirects provide compatibility,NO,NO,NO,NO
papers/2026_V1I1_PIONEER_JULY_AUGUST_PART2/e048/html/e048.html, M,DO NOT PUSH,Pre-existing historical-route working changes preserved but excluded; redirects provide compatibility,NO,NO,NO,NO
papers/2026_V1I1_PIONEER_JULY_AUGUST_PART2/e049/html/e049.html, M,DO NOT PUSH,Pre-existing historical-route working changes preserved but excluded; redirects provide compatibility,NO,NO,NO,NO
papers/2026_V1I1_PIONEER_JULY_AUGUST_PART2/e050/html/e050.html, M,DO NOT PUSH,Pre-existing historical-route working changes preserved but excluded; redirects provide compatibility,NO,NO,NO,NO
papers/2026_V1I1_PIONEER_JULY_AUGUST_PART2/e051/html/e051.html, M,DO NOT PUSH,Pre-existing historical-route working changes preserved but excluded; redirects provide compatibility,NO,NO,NO,NO
papers/2026_V1I1_PIONEER_JULY_AUGUST_PART2/e052/html/e052.html, M,DO NOT PUSH,Pre-existing historical-route working changes preserved but excluded; redirects provide compatibility,NO,NO,NO,NO
papers/2026_V1I1_PIONEER_JULY_AUGUST_PART2/e053/html/e053.html, M,DO NOT PUSH,Pre-existing historical-route working changes preserved but excluded; redirects provide compatibility,NO,NO,NO,NO
papers/2026_V1I1_PIONEER_JULY_AUGUST_PART2/e054/html/e054.html, M,DO NOT PUSH,Pre-existing historical-route working changes preserved but excluded; redirects provide compatibility,NO,NO,NO,NO
papers/2026_V1I1_PIONEER_JULY_AUGUST_PART2/e055/html/e055.html, M,DO NOT PUSH,Pre-existing historical-route working changes preserved but excluded; redirects provide compatibility,NO,NO,NO,NO
papers/2026_V1I1_PIONEER_JULY_AUGUST_PART2/e056/html/e056.html, M,DO NOT PUSH,Pre-existing historical-route working changes preserved but excluded; redirects provide compatibility,NO,NO,NO,NO
papers/2026_V1I1_PIONEER_JULY_AUGUST_PART2/e057/html/e057.html, M,DO NOT PUSH,Pre-existing historical-route working changes preserved but excluded; redirects provide compatibility,NO,NO,NO,NO
papers/2026_V1I1_PIONEER_JULY_AUGUST_PART2/e058/html/e058.html, M,DO NOT PUSH,Pre-existing historical-route working changes preserved but excluded; redirects provide compatibility,NO,NO,NO,NO
papers/2026_V1I1_PIONEER_JULY_AUGUST_PART2/e059/pdf/e059-source-preserved.pdf,??,DO NOT PUSH,Pre-existing historical-route working changes preserved but excluded; redirects provide compatibility,NO,NO,NO,NO
papers/2026_V1I1_PIONEER_JULY_AUGUST_PART2/e060/pdf/e060-source-preserved.pdf,??,DO NOT PUSH,Pre-existing historical-route working changes preserved but excluded; redirects provide compatibility,NO,NO,NO,NO
papers/e001/ADMIN_FORM_COPY_PASTE.txt, D,DO NOT PUSH,Pre-existing editorial control-file deletion is unrelated to this release,POSSIBLE,NO,NO,NO
papers/e002/ADMIN_FORM_COPY_PASTE.txt, D,DO NOT PUSH,Pre-existing editorial control-file deletion is unrelated to this release,POSSIBLE,NO,NO,NO
papers/e003/ADMIN_FORM_COPY_PASTE.txt, D,DO NOT PUSH,Pre-existing editorial control-file deletion is unrelated to this release,POSSIBLE,NO,NO,NO
papers/e004/ADMIN_FORM_COPY_PASTE.txt, D,DO NOT PUSH,Pre-existing editorial control-file deletion is unrelated to this release,POSSIBLE,NO,NO,NO
papers/e005/ADMIN_FORM_COPY_PASTE.txt, D,DO NOT PUSH,Pre-existing editorial control-file deletion is unrelated to this release,POSSIBLE,NO,NO,NO
papers/e006/ADMIN_FORM_COPY_PASTE.txt, D,DO NOT PUSH,Pre-existing editorial control-file deletion is unrelated to this release,POSSIBLE,NO,NO,NO
papers/e007/ADMIN_FORM_COPY_PASTE.txt, D,DO NOT PUSH,Pre-existing editorial control-file deletion is unrelated to this release,POSSIBLE,NO,NO,NO
papers/e008/ADMIN_FORM_COPY_PASTE.txt, D,DO NOT PUSH,Pre-existing editorial control-file deletion is unrelated to this release,POSSIBLE,NO,NO,NO
papers/e009/ADMIN_FORM_COPY_PASTE.txt, D,DO NOT PUSH,Pre-existing editorial control-file deletion is unrelated to this release,POSSIBLE,NO,NO,NO
papers/e010/ADMIN_FORM_COPY_PASTE.txt, D,DO NOT PUSH,Pre-existing editorial control-file deletion is unrelated to this release,POSSIBLE,NO,NO,NO
papers/e011/ADMIN_FORM_COPY_PASTE.txt, D,DO NOT PUSH,Pre-existing editorial control-file deletion is unrelated to this release,POSSIBLE,NO,NO,NO
papers/e012/ADMIN_FORM_COPY_PASTE.txt, D,DO NOT PUSH,Pre-existing editorial control-file deletion is unrelated to this release,POSSIBLE,NO,NO,NO
papers/e013/ADMIN_FORM_COPY_PASTE.txt, D,DO NOT PUSH,Pre-existing editorial control-file deletion is unrelated to this release,POSSIBLE,NO,NO,NO
papers/e014/ADMIN_FORM_COPY_PASTE.txt, D,DO NOT PUSH,Pre-existing editorial control-file deletion is unrelated to this release,POSSIBLE,NO,NO,NO
papers/e015/ADMIN_FORM_COPY_PASTE.txt, D,DO NOT PUSH,Pre-existing editorial control-file deletion is unrelated to this release,POSSIBLE,NO,NO,NO
papers/e016/ADMIN_FORM_COPY_PASTE.txt, D,DO NOT PUSH,Pre-existing editorial control-file deletion is unrelated to this release,POSSIBLE,NO,NO,NO
papers/e017/ADMIN_FORM_COPY_PASTE.txt, D,DO NOT PUSH,Pre-existing editorial control-file deletion is unrelated to this release,POSSIBLE,NO,NO,NO
papers/e018/ADMIN_FORM_COPY_PASTE.txt, D,DO NOT PUSH,Pre-existing editorial control-file deletion is unrelated to this release,POSSIBLE,NO,NO,NO
papers/e019/ADMIN_FORM_COPY_PASTE.txt, D,DO NOT PUSH,Pre-existing editorial control-file deletion is unrelated to this release,POSSIBLE,NO,NO,NO
papers/e020/ADMIN_FORM_COPY_PASTE.txt, D,DO NOT PUSH,Pre-existing editorial control-file deletion is unrelated to this release,POSSIBLE,NO,NO,NO
papers/e021/ADMIN_FORM_COPY_PASTE.txt, D,DO NOT PUSH,Pre-existing editorial control-file deletion is unrelated to this release,POSSIBLE,NO,NO,NO
papers/e022/ADMIN_FORM_COPY_PASTE.txt, D,DO NOT PUSH,Pre-existing editorial control-file deletion is unrelated to this release,POSSIBLE,NO,NO,NO
papers/e023/ADMIN_FORM_COPY_PASTE.txt, D,DO NOT PUSH,Pre-existing editorial control-file deletion is unrelated to this release,POSSIBLE,NO,NO,NO
papers/e024/ADMIN_FORM_COPY_PASTE.txt, D,DO NOT PUSH,Pre-existing editorial control-file deletion is unrelated to this release,POSSIBLE,NO,NO,NO
papers/e025/ADMIN_FORM_COPY_PASTE.txt, D,DO NOT PUSH,Pre-existing editorial control-file deletion is unrelated to this release,POSSIBLE,NO,NO,NO
PIONEER_UPDATE_2026-09-09/CHIEF_EDITOR_PART2_ALL_PAPERS_COPY_PASTE.txt, D,DO NOT PUSH,Pre-existing or unrelated working-tree change preserved and not included,POSSIBLE,POSSIBLE,NO,NO
PIONEER_UPDATE_2026-09-09/START_HERE.md, D,DO NOT PUSH,Pre-existing or unrelated working-tree change preserved and not included,POSSIBLE,POSSIBLE,NO,NO
PIONEER_UPDATE_2026-09-15/CHIEF_EDITOR_PIONEER_PART2_e026_e060_PENDING_DOI_COPY_PASTE.txt, D,DO NOT PUSH,Pre-existing or unrelated working-tree change preserved and not included,POSSIBLE,POSSIBLE,NO,NO
PIONEER_UPDATE_2026-09-15/CHIEF_EDITOR_PIONEER_PART2_e026_e060_REGISTERED_DOI_COPY_PASTE.txt, D,DO NOT PUSH,Pre-existing or unrelated working-tree change preserved and not included,POSSIBLE,POSSIBLE,NO,NO
PUBLICATION_UPDATE_GUIDE_2026-09-12.md, D,DO NOT PUSH,Pre-existing or unrelated working-tree change preserved and not included,POSSIBLE,POSSIBLE,NO,NO
reports/doi-release/FINAL_RELEASE_REPORT.md, M,PUSH,Required evidence-honest release report,NO,NO,NO,YES
reports/doi-release/github-publication-manifest.csv, M,PUSH,Required release classification report,NO,NO,NO,YES
scripts/crossref/build-publication-package.py,??,DO NOT PUSH,Pre-existing or unrelated working-tree change preserved and not included,POSSIBLE,POSSIBLE,NO,NO
scripts/crossref/export-missing-pdfs.ps1,??,DO NOT PUSH,Pre-existing or unrelated working-tree change preserved and not included,POSSIBLE,POSSIBLE,NO,NO
scripts/crossref/finalize-registration.py,??,DO NOT PUSH,Pre-existing or unrelated working-tree change preserved and not included,POSSIBLE,POSSIBLE,NO,NO
scripts/crossref/narrate-banners.ps1,??,DO NOT PUSH,Pre-existing or unrelated working-tree change preserved and not included,POSSIBLE,POSSIBLE,NO,NO
scripts/crossref/omit-unverified-doi-labels.py,??,DO NOT PUSH,Pre-existing or unrelated working-tree change preserved and not included,POSSIBLE,POSSIBLE,NO,NO
scripts/crossref/prepare-direct-crossref-upload.py,??,DO NOT PUSH,Pre-existing or unrelated working-tree change preserved and not included,POSSIBLE,POSSIBLE,NO,NO
scripts/crossref/quarantine-obsolete-publication-material.ps1,??,DO NOT PUSH,Pre-existing or unrelated working-tree change preserved and not included,POSSIBLE,POSSIBLE,NO,NO
scripts/crossref/render-package-pdf-qa.py,??,DO NOT PUSH,Pre-existing or unrelated working-tree change preserved and not included,POSSIBLE,POSSIBLE,NO,NO
scripts/crossref/validate-publication-package.py,??,DO NOT PUSH,Pre-existing or unrelated working-tree change preserved and not included,POSSIBLE,POSSIBLE,NO,NO
tooling/cache/crossref-xsd/5.5.0/AccessIndicators.xsd,??,DO NOT PUSH,Pre-existing or unrelated working-tree change preserved and not included,POSSIBLE,POSSIBLE,NO,NO
tooling/cache/crossref-xsd/5.5.0/clinicaltrials.xsd,??,DO NOT PUSH,Pre-existing or unrelated working-tree change preserved and not included,POSSIBLE,POSSIBLE,NO,NO
tooling/cache/crossref-xsd/5.5.0/common5.5.0.xsd,??,DO NOT PUSH,Pre-existing or unrelated working-tree change preserved and not included,POSSIBLE,POSSIBLE,NO,NO
tooling/cache/crossref-xsd/5.5.0/crossref5.5.0.xsd,??,DO NOT PUSH,Pre-existing or unrelated working-tree change preserved and not included,POSSIBLE,POSSIBLE,NO,NO
tooling/cache/crossref-xsd/5.5.0/fundingdata5.5.0.xsd,??,DO NOT PUSH,Pre-existing or unrelated working-tree change preserved and not included,POSSIBLE,POSSIBLE,NO,NO
tooling/cache/crossref-xsd/5.5.0/fundref.xsd,??,DO NOT PUSH,Pre-existing or unrelated working-tree change preserved and not included,POSSIBLE,POSSIBLE,NO,NO
tooling/cache/crossref-xsd/5.5.0/JATS-journalpublishing1-3d2-mathml3-elements.xsd,??,DO NOT PUSH,Pre-existing or unrelated working-tree change preserved and not included,POSSIBLE,POSSIBLE,NO,NO
tooling/cache/crossref-xsd/5.5.0/JATS-journalpublishing1-3d2-mathml3.xsd,??,DO NOT PUSH,Pre-existing or unrelated working-tree change preserved and not included,POSSIBLE,POSSIBLE,NO,NO
tooling/cache/crossref-xsd/5.5.0/languages5.5.0.xsd,??,DO NOT PUSH,Pre-existing or unrelated working-tree change preserved and not included,POSSIBLE,POSSIBLE,NO,NO
tooling/cache/crossref-xsd/5.5.0/mediatypes5.5.0.xsd,??,DO NOT PUSH,Pre-existing or unrelated working-tree change preserved and not included,POSSIBLE,POSSIBLE,NO,NO
tooling/cache/crossref-xsd/5.5.0/relations.xsd,??,DO NOT PUSH,Pre-existing or unrelated working-tree change preserved and not included,POSSIBLE,POSSIBLE,NO,NO
tooling/cache/crossref-xsd/5.5.0/standard-modules/mathml3/mathml3-common.xsd,??,DO NOT PUSH,Pre-existing or unrelated working-tree change preserved and not included,POSSIBLE,POSSIBLE,NO,NO
tooling/cache/crossref-xsd/5.5.0/standard-modules/mathml3/mathml3-content.xsd,??,DO NOT PUSH,Pre-existing or unrelated working-tree change preserved and not included,POSSIBLE,POSSIBLE,NO,NO
tooling/cache/crossref-xsd/5.5.0/standard-modules/mathml3/mathml3-presentation.xsd,??,DO NOT PUSH,Pre-existing or unrelated working-tree change preserved and not included,POSSIBLE,POSSIBLE,NO,NO
tooling/cache/crossref-xsd/5.5.0/standard-modules/mathml3/mathml3-strict-content.xsd,??,DO NOT PUSH,Pre-existing or unrelated working-tree change preserved and not included,POSSIBLE,POSSIBLE,NO,NO
tooling/cache/crossref-xsd/5.5.0/standard-modules/mathml3/mathml3.xsd,??,DO NOT PUSH,Pre-existing or unrelated working-tree change preserved and not included,POSSIBLE,POSSIBLE,NO,NO
tooling/cache/crossref-xsd/5.5.0/standard-modules/mathml3/module-ali.xsd,??,DO NOT PUSH,Pre-existing or unrelated working-tree change preserved and not included,POSSIBLE,POSSIBLE,NO,NO
tooling/cache/crossref-xsd/5.5.0/standard-modules/module-ali.xsd,??,DO NOT PUSH,Pre-existing or unrelated working-tree change preserved and not included,POSSIBLE,POSSIBLE,NO,NO
tooling/cache/crossref-xsd/5.5.0/standard-modules/xlink.xsd,??,DO NOT PUSH,Pre-existing or unrelated working-tree change preserved and not included,POSSIBLE,POSSIBLE,NO,NO
tooling/cache/crossref-xsd/5.5.0/standard-modules/xml.xsd,??,DO NOT PUSH,Pre-existing or unrelated working-tree change preserved and not included,POSSIBLE,POSSIBLE,NO,NO
tooling/cache/crossref-xsd/5.5.0/w3c-xml.xsd,??,DO NOT PUSH,Pre-existing or unrelated working-tree change preserved and not included,POSSIBLE,POSSIBLE,NO,NO
tools/audit_july_august_crossref.py, M,DO NOT PUSH,Pre-existing or unrelated working-tree change preserved and not included,POSSIBLE,POSSIBLE,NO,NO
tools/inspect_media_runtime.py,??,DO NOT PUSH,Pre-existing or unrelated working-tree change preserved and not included,POSSIBLE,POSSIBLE,NO,NO
tools/pioneer_runtime.py,??,DO NOT PUSH,Pre-existing or unrelated working-tree change preserved and not included,POSSIBLE,POSSIBLE,NO,NO
tools/rebuild_pioneer_crossref.py,??,DO NOT PUSH,Pre-existing or unrelated working-tree change preserved and not included,POSSIBLE,POSSIBLE,NO,NO
tools/test_pioneer_rebuild.py,??,DO NOT PUSH,Pre-existing or unrelated working-tree change preserved and not included,POSSIBLE,POSSIBLE,NO,NO
tools/write_doi_release_reports.py, M,PUSH,Reviewed DOI release implementation or public output,NO,NO,NO,YES
