article_id,title,authors_order,volume,issue,elocator,publication_date,doi,licence,result
e001,PASS,PASS,PASS,PASS,PASS,PASS,PASS,PASS,PASS
e002,PASS,PASS,PASS,PASS,PASS,PASS,PASS,PASS,PASS
e003,PASS,PASS,PASS,PASS,PASS,PASS,PASS,PASS,PASS
e004,PASS,PASS,PASS,PASS,PASS,PASS,PASS,PASS,PASS
e005,PASS,PASS,PASS,PASS,PASS,PASS,PASS,PASS,PASS
e006,PASS,PASS,PASS,PASS,PASS,PASS,PASS,PASS,PASS
e007,PASS,PASS,PASS,PASS,PASS,PASS,PASS,PASS,PASS
e008,PASS,PASS,PASS,PASS,PASS,PASS,PASS,PASS,PASS
e009,PASS,PASS,PASS,PASS,PASS,PASS,PASS,PASS,PASS
e010,PASS,PASS,PASS,PASS,PASS,PASS,PASS,PASS,PASS
e011,PASS,PASS,PASS,PASS,PASS,PASS,PASS,PASS,PASS
e012,PASS,PASS,PASS,PASS,PASS,PASS,PASS,PASS,PASS
e013,PASS,PASS,PASS,PASS,PASS,PASS,PASS,PASS,PASS
e014,PASS,PASS,PASS,PASS,PASS,PASS,PASS,PASS,PASS
e015,PASS,PASS,PASS,PASS,PASS,PASS,PASS,PASS,PASS
e016,PASS,PASS,PASS,PASS,PASS,PASS,PASS,PASS,PASS
e017,PASS,PASS,PASS,PASS,PASS,PASS,PASS,PASS,PASS
e018,PASS,PASS,PASS,PASS,PASS,PASS,PASS,PASS,PASS
e019,PASS,PASS,PASS,PASS,PASS,PASS,PASS,PASS,PASS
e020,PASS,PASS,PASS,PASS,PASS,PASS,PASS,PASS,PASS
e021,PASS,PASS,PASS,PASS,PASS,PASS,PASS,PASS,PASS
e022,PASS,PASS,PASS,PASS,PASS,PASS,PASS,PASS,PASS
e023,PASS,PASS,PASS,PASS,PASS,PASS,PASS,PASS,PASS
e024,PASS,PASS,PASS,PASS,PASS,PASS,PASS,PASS,PASS
e025,PASS,PASS,PASS,PASS,PASS,PASS,PASS,PASS,PASS
e026,PASS,PASS,PASS,PASS,PASS,PASS,PASS,PASS,PASS
e027,PASS,PASS,PASS,PASS,PASS,PASS,PASS,PASS,PASS
e028,PASS,PASS,PASS,PASS,PASS,PASS,PASS,PASS,PASS
e029,PASS,PASS,PASS,PASS,PASS,PASS,PASS,PASS,PASS
e030,PASS,PASS,PASS,PASS,PASS,PASS,PASS,PASS,PASS
e031,PASS,PASS,PASS,PASS,PASS,PASS,PASS,PASS,PASS
e032,PASS,PASS,PASS,PASS,PASS,PASS,PASS,PASS,PASS
e033,PASS,PASS,PASS,PASS,PASS,PASS,PASS,PASS,PASS
e034,PASS,PASS,PASS,PASS,PASS,PASS,PASS,PASS,PASS
e035,PASS,PASS,PASS,PASS,PASS,PASS,PASS,PASS,PASS
e036,PASS,PASS,PASS,PASS,PASS,PASS,PASS,PASS,PASS
e037,PASS,PASS,PASS,PASS,PASS,PASS,PASS,PASS,PASS
e038,PASS,PASS,PASS,PASS,PASS,PASS,PASS,PASS,PASS
e039,PASS,PASS,PASS,PASS,PASS,PASS,PASS,PASS,PASS
e040,PASS,PASS,PASS,PASS,PASS,PASS,PASS,PASS,PASS
e041,PASS,PASS,PASS,PASS,PASS,PASS,PASS,PASS,PASS
e042,PASS,PASS,PASS,PASS,PASS,PASS,PASS,PASS,PASS
e043,PASS,PASS,PASS,PASS,PASS,PASS,PASS,PASS,PASS
e044,PASS,PASS,PASS,PASS,PASS,PASS,PASS,PASS,PASS
e045,PASS,PASS,PASS,PASS,PASS,PASS,PASS,PASS,PASS
e046,PASS,PASS,PASS,PASS,PASS,PASS,PASS,PASS,PASS
e047,PASS,PASS,PASS,PASS,PASS,PASS,PASS,PASS,PASS
e048,PASS,PASS,PASS,PASS,PASS,PASS,PASS,PASS,PASS
e049,PASS,PASS,PASS,PASS,PASS,PASS,PASS,PASS,PASS
e050,PASS,PASS,PASS,PASS,PASS,PASS,PASS,PASS,PASS
e051,PASS,PASS,PASS,PASS,PASS,PASS,PASS,PASS,PASS
e052,PASS,PASS,PASS,PASS,PASS,PASS,PASS,PASS,PASS
e053,PASS,PASS,PASS,PASS,PASS,PASS,PASS,PASS,PASS
e054,PASS,PASS,PASS,PASS,PASS,PASS,PASS,PASS,PASS
e055,PASS,PASS,PASS,PASS,PASS,PASS,PASS,PASS,PASS
e056,PASS,PASS,PASS,PASS,PASS,PASS,PASS,PASS,PASS
e057,PASS,PASS,PASS,PASS,PASS,PASS,PASS,PASS,PASS
e058,PASS,PASS,PASS,PASS,PASS,PASS,PASS,PASS,PASS
e059,PASS,PASS,PASS,PASS,PASS,PASS,PASS,PASS,PASS
e060,PASS,PASS,PASS,PASS,PASS,PASS,PASS,PASS,PASS
