article_id,kind,target,exists,result
e001,landing,/papers/e001/index.html,YES,PASS
e001,html,/papers/e001/html/index.html,YES,PASS
e001,pdf,/papers/e001/pdf/e001.pdf,YES,PASS
e002,landing,/papers/e002/index.html,YES,PASS
e002,html,/papers/e002/html/index.html,YES,PASS
e002,pdf,/papers/e002/pdf/e002.pdf,YES,PASS
e003,landing,/papers/e003/index.html,YES,PASS
e003,html,/papers/e003/html/index.html,YES,PASS
e003,pdf,/papers/e003/pdf/e003.pdf,YES,PASS
e004,landing,/papers/e004/index.html,YES,PASS
e004,html,/papers/e004/html/index.html,YES,PASS
e004,pdf,/papers/e004/pdf/e004.pdf,YES,PASS
e005,landing,/papers/e005/index.html,YES,PASS
e005,html,/papers/e005/html/index.html,YES,PASS
e005,pdf,/papers/e005/pdf/e005.pdf,YES,PASS
e006,landing,/papers/e006/index.html,YES,PASS
e006,html,/papers/e006/html/index.html,YES,PASS
e006,pdf,/papers/e006/pdf/e006.pdf,YES,PASS
e007,landing,/papers/e007/index.html,YES,PASS
e007,html,/papers/e007/html/index.html,YES,PASS
e007,pdf,/papers/e007/pdf/e007.pdf,YES,PASS
e008,landing,/papers/e008/index.html,YES,PASS
e008,html,/papers/e008/html/index.html,YES,PASS
e008,pdf,/papers/e008/pdf/e008.pdf,YES,PASS
e009,landing,/papers/e009/index.html,YES,PASS
e009,html,/papers/e009/html/index.html,YES,PASS
e009,pdf,/papers/e009/pdf/e009.pdf,YES,PASS
e010,landing,/papers/e010/index.html,YES,PASS
e010,html,/papers/e010/html/index.html,YES,PASS
e010,pdf,/papers/e010/pdf/e010.pdf,YES,PASS
e011,landing,/papers/e011/index.html,YES,PASS
e011,html,/papers/e011/html/index.html,YES,PASS
e011,pdf,/papers/e011/pdf/e011.pdf,YES,PASS
e012,landing,/papers/e012/index.html,YES,PASS
e012,html,/papers/e012/html/index.html,YES,PASS
e012,pdf,/papers/e012/pdf/e012.pdf,YES,PASS
e013,landing,/papers/e013/index.html,YES,PASS
e013,html,/papers/e013/html/index.html,YES,PASS
e013,pdf,/papers/e013/pdf/e013.pdf,YES,PASS
e014,landing,/papers/e014/index.html,YES,PASS
e014,html,/papers/e014/html/index.html,YES,PASS
e014,pdf,/papers/e014/pdf/e014.pdf,YES,PASS
e015,landing,/papers/e015/index.html,YES,PASS
e015,html,/papers/e015/html/index.html,YES,PASS
e015,pdf,/papers/e015/pdf/e015.pdf,YES,PASS
e016,landing,/papers/e016/index.html,YES,PASS
e016,html,/papers/e016/html/index.html,YES,PASS
e016,pdf,/papers/e016/pdf/e016.pdf,YES,PASS
e017,landing,/papers/e017/index.html,YES,PASS
e017,html,/papers/e017/html/index.html,YES,PASS
e017,pdf,/papers/e017/pdf/e017.pdf,YES,PASS
e018,landing,/papers/e018/index.html,YES,PASS
e018,html,/papers/e018/html/index.html,YES,PASS
e018,pdf,/papers/e018/pdf/e018.pdf,YES,PASS
e019,landing,/papers/e019/index.html,YES,PASS
e019,html,/papers/e019/html/index.html,YES,PASS
e019,pdf,/papers/e019/pdf/e019.pdf,YES,PASS
e020,landing,/papers/e020/index.html,YES,PASS
e020,html,/papers/e020/html/index.html,YES,PASS
e020,pdf,/papers/e020/pdf/e020.pdf,YES,PASS
e021,landing,/papers/e021/index.html,YES,PASS
e021,html,/papers/e021/html/index.html,YES,PASS
e021,pdf,/papers/e021/pdf/e021.pdf,YES,PASS
e022,landing,/papers/e022/index.html,YES,PASS
e022,html,/papers/e022/html/index.html,YES,PASS
e022,pdf,/papers/e022/pdf/e022.pdf,YES,PASS
e023,landing,/papers/e023/index.html,YES,PASS
e023,html,/papers/e023/html/index.html,YES,PASS
e023,pdf,/papers/e023/pdf/e023.pdf,YES,PASS
e024,landing,/papers/e024/index.html,YES,PASS
e024,html,/papers/e024/html/index.html,YES,PASS
e024,pdf,/papers/e024/pdf/e024.pdf,YES,PASS
e025,landing,/papers/e025/index.html,YES,PASS
e025,html,/papers/e025/html/index.html,YES,PASS
e025,pdf,/papers/e025/pdf/e025.pdf,YES,PASS
e026,landing,/papers/e026/index.html,YES,PASS
e026,html,/papers/e026/html/index.html,YES,PASS
e026,pdf,/papers/e026/pdf/e026.pdf,YES,PASS
e027,landing,/papers/e027/index.html,YES,PASS
e027,html,/papers/e027/html/index.html,YES,PASS
e027,pdf,/papers/e027/pdf/e027.pdf,YES,PASS
e028,landing,/papers/e028/index.html,YES,PASS
e028,html,/papers/e028/html/index.html,YES,PASS
e028,pdf,/papers/e028/pdf/e028.pdf,YES,PASS
e029,landing,/papers/e029/index.html,YES,PASS
e029,html,/papers/e029/html/index.html,YES,PASS
e029,pdf,/papers/e029/pdf/e029.pdf,YES,PASS
e030,landing,/papers/e030/index.html,YES,PASS
e030,html,/papers/e030/html/index.html,YES,PASS
e030,pdf,/papers/e030/pdf/e030.pdf,YES,PASS
e031,landing,/papers/e031/index.html,YES,PASS
e031,html,/papers/e031/html/index.html,YES,PASS
e031,pdf,/papers/e031/pdf/e031.pdf,YES,PASS
e032,landing,/papers/e032/index.html,YES,PASS
e032,html,/papers/e032/html/index.html,YES,PASS
e032,pdf,/papers/e032/pdf/e032.pdf,YES,PASS
e033,landing,/papers/e033/index.html,YES,PASS
e033,html,/papers/e033/html/index.html,YES,PASS
e033,pdf,/papers/e033/pdf/e033.pdf,YES,PASS
e034,landing,/papers/e034/index.html,YES,PASS
e034,html,/papers/e034/html/index.html,YES,PASS
e034,pdf,/papers/e034/pdf/e034.pdf,YES,PASS
e035,landing,/papers/e035/index.html,YES,PASS
e035,html,/papers/e035/html/index.html,YES,PASS
e035,pdf,/papers/e035/pdf/e035.pdf,YES,PASS
e036,landing,/papers/e036/index.html,YES,PASS
e036,html,/papers/e036/html/index.html,YES,PASS
e036,pdf,/papers/e036/pdf/e036.pdf,YES,PASS
e037,landing,/papers/e037/index.html,YES,PASS
e037,html,/papers/e037/html/index.html,YES,PASS
e037,pdf,/papers/e037/pdf/e037.pdf,YES,PASS
e038,landing,/papers/e038/index.html,YES,PASS
e038,html,/papers/e038/html/index.html,YES,PASS
e038,pdf,/papers/e038/pdf/e038.pdf,YES,PASS
e039,landing,/papers/e039/index.html,YES,PASS
e039,html,/papers/e039/html/index.html,YES,PASS
e039,pdf,/papers/e039/pdf/e039.pdf,YES,PASS
e040,landing,/papers/e040/index.html,YES,PASS
e040,html,/papers/e040/html/index.html,YES,PASS
e040,pdf,/papers/e040/pdf/e040.pdf,YES,PASS
e041,landing,/papers/e041/index.html,YES,PASS
e041,html,/papers/e041/html/index.html,YES,PASS
e041,pdf,/papers/e041/pdf/e041.pdf,YES,PASS
e042,landing,/papers/e042/index.html,YES,PASS
e042,html,/papers/e042/html/index.html,YES,PASS
e042,pdf,/papers/e042/pdf/e042.pdf,YES,PASS
e043,landing,/papers/e043/index.html,YES,PASS
e043,html,/papers/e043/html/index.html,YES,PASS
e043,pdf,/papers/e043/pdf/e043.pdf,YES,PASS
e044,landing,/papers/e044/index.html,YES,PASS
e044,html,/papers/e044/html/index.html,YES,PASS
e044,pdf,/papers/e044/pdf/e044.pdf,YES,PASS
e045,landing,/papers/e045/index.html,YES,PASS
e045,html,/papers/e045/html/index.html,YES,PASS
e045,pdf,/papers/e045/pdf/e045.pdf,YES,PASS
e046,landing,/papers/e046/index.html,YES,PASS
e046,html,/papers/e046/html/index.html,YES,PASS
e046,pdf,/papers/e046/pdf/e046.pdf,YES,PASS
e047,landing,/papers/e047/index.html,YES,PASS
e047,html,/papers/e047/html/index.html,YES,PASS
e047,pdf,/papers/e047/pdf/e047.pdf,YES,PASS
e048,landing,/papers/e048/index.html,YES,PASS
e048,html,/papers/e048/html/index.html,YES,PASS
e048,pdf,/papers/e048/pdf/e048.pdf,YES,PASS
e049,landing,/papers/e049/index.html,YES,PASS
e049,html,/papers/e049/html/index.html,YES,PASS
e049,pdf,/papers/e049/pdf/e049.pdf,YES,PASS
e050,landing,/papers/e050/index.html,YES,PASS
e050,html,/papers/e050/html/index.html,YES,PASS
e050,pdf,/papers/e050/pdf/e050.pdf,YES,PASS
e051,landing,/papers/e051/index.html,YES,PASS
e051,html,/papers/e051/html/index.html,YES,PASS
e051,pdf,/papers/e051/pdf/e051.pdf,YES,PASS
e052,landing,/papers/e052/index.html,YES,PASS
e052,html,/papers/e052/html/index.html,YES,PASS
e052,pdf,/papers/e052/pdf/e052.pdf,YES,PASS
e053,landing,/papers/e053/index.html,YES,PASS
e053,html,/papers/e053/html/index.html,YES,PASS
e053,pdf,/papers/e053/pdf/e053.pdf,YES,PASS
e054,landing,/papers/e054/index.html,YES,PASS
e054,html,/papers/e054/html/index.html,YES,PASS
e054,pdf,/papers/e054/pdf/e054.pdf,YES,PASS
e055,landing,/papers/e055/index.html,YES,PASS
e055,html,/papers/e055/html/index.html,YES,PASS
e055,pdf,/papers/e055/pdf/e055.pdf,YES,PASS
e056,landing,/papers/e056/index.html,YES,PASS
e056,html,/papers/e056/html/index.html,YES,PASS
e056,pdf,/papers/e056/pdf/e056.pdf,YES,PASS
e057,landing,/papers/e057/index.html,YES,PASS
e057,html,/papers/e057/html/index.html,YES,PASS
e057,pdf,/papers/e057/pdf/e057.pdf,YES,PASS
e058,landing,/papers/e058/index.html,YES,PASS
e058,html,/papers/e058/html/index.html,YES,PASS
e058,pdf,/papers/e058/pdf/e058.pdf,YES,PASS
e059,landing,/papers/e059/index.html,YES,PASS
e059,html,/papers/e059/html/index.html,YES,PASS
e059,pdf,/papers/e059/pdf/e059.pdf,YES,PASS
e060,landing,/papers/e060/index.html,YES,PASS
e060,html,/papers/e060/html/index.html,YES,PASS
e060,pdf,/papers/e060/pdf/e060.pdf,YES,PASS
