article_id,pdf,pages,source_pages,opens,doi_in_text,correct_article_id,correct_volume_issue,pending_text_on_cover,metadata_title,result
e001,papers/e001/pdf/e001.pdf,19,18,PASS,PASS,PASS,PASS,PASS,PASS,PASS
e002,papers/e002/pdf/e002.pdf,9,8,PASS,PASS,PASS,PASS,PASS,PASS,PASS
e003,papers/e003/pdf/e003.pdf,15,14,PASS,PASS,PASS,PASS,PASS,PASS,PASS
e004,papers/e004/pdf/e004.pdf,11,10,PASS,PASS,PASS,PASS,PASS,PASS,PASS
e005,papers/e005/pdf/e005.pdf,11,10,PASS,PASS,PASS,PASS,PASS,PASS,PASS
e006,papers/e006/pdf/e006.pdf,7,6,PASS,PASS,PASS,PASS,PASS,PASS,PASS
e007,papers/e007/pdf/e007.pdf,7,6,PASS,PASS,PASS,PASS,PASS,PASS,PASS
e008,papers/e008/pdf/e008.pdf,7,6,PASS,PASS,PASS,PASS,PASS,PASS,PASS
e009,papers/e009/pdf/e009.pdf,10,9,PASS,PASS,PASS,PASS,PASS,PASS,PASS
e010,papers/e010/pdf/e010.pdf,7,6,PASS,PASS,PASS,PASS,PASS,PASS,PASS
e011,papers/e011/pdf/e011.pdf,6,5,PASS,PASS,PASS,PASS,PASS,PASS,PASS
e012,papers/e012/pdf/e012.pdf,7,6,PASS,PASS,PASS,PASS,PASS,PASS,PASS
e013,papers/e013/pdf/e013.pdf,7,6,PASS,PASS,PASS,PASS,PASS,PASS,PASS
e014,papers/e014/pdf/e014.pdf,6,5,PASS,PASS,PASS,PASS,PASS,PASS,PASS
e015,papers/e015/pdf/e015.pdf,7,6,PASS,PASS,PASS,PASS,PASS,PASS,PASS
e016,papers/e016/pdf/e016.pdf,6,5,PASS,PASS,PASS,PASS,PASS,PASS,PASS
e017,papers/e017/pdf/e017.pdf,6,5,PASS,PASS,PASS,PASS,PASS,PASS,PASS
e018,papers/e018/pdf/e018.pdf,8,7,PASS,PASS,PASS,PASS,PASS,PASS,PASS
e019,papers/e019/pdf/e019.pdf,8,7,PASS,PASS,PASS,PASS,PASS,PASS,PASS
e020,papers/e020/pdf/e020.pdf,6,5,PASS,PASS,PASS,PASS,PASS,PASS,PASS
e021,papers/e021/pdf/e021.pdf,8,7,PASS,PASS,PASS,PASS,PASS,PASS,PASS
e022,papers/e022/pdf/e022.pdf,14,13,PASS,PASS,PASS,PASS,PASS,PASS,PASS
e023,papers/e023/pdf/e023.pdf,8,7,PASS,PASS,PASS,PASS,PASS,PASS,PASS
e024,papers/e024/pdf/e024.pdf,9,8,PASS,PASS,PASS,PASS,PASS,PASS,PASS
e025,papers/e025/pdf/e025.pdf,16,15,PASS,PASS,PASS,PASS,PASS,PASS,PASS
e026,papers/e026/pdf/e026.pdf,7,6,PASS,PASS,PASS,PASS,PASS,PASS,PASS
e027,papers/e027/pdf/e027.pdf,7,6,PASS,PASS,PASS,PASS,PASS,PASS,PASS
e028,papers/e028/pdf/e028.pdf,7,6,PASS,PASS,PASS,PASS,PASS,PASS,PASS
e029,papers/e029/pdf/e029.pdf,7,6,PASS,PASS,PASS,PASS,PASS,PASS,PASS
e030,papers/e030/pdf/e030.pdf,7,6,PASS,PASS,PASS,PASS,PASS,PASS,PASS
e031,papers/e031/pdf/e031.pdf,7,6,PASS,PASS,PASS,PASS,PASS,PASS,PASS
e032,papers/e032/pdf/e032.pdf,12,11,PASS,PASS,PASS,PASS,PASS,PASS,PASS
e033,papers/e033/pdf/e033.pdf,12,11,PASS,PASS,PASS,PASS,PASS,PASS,PASS
e034,papers/e034/pdf/e034.pdf,13,12,PASS,PASS,PASS,PASS,PASS,PASS,PASS
e035,papers/e035/pdf/e035.pdf,11,10,PASS,PASS,PASS,PASS,PASS,PASS,PASS
e036,papers/e036/pdf/e036.pdf,11,10,PASS,PASS,PASS,PASS,PASS,PASS,PASS
e037,papers/e037/pdf/e037.pdf,11,10,PASS,PASS,PASS,PASS,PASS,PASS,PASS
e038,papers/e038/pdf/e038.pdf,11,10,PASS,PASS,PASS,PASS,PASS,PASS,PASS
e039,papers/e039/pdf/e039.pdf,9,8,PASS,PASS,PASS,PASS,PASS,PASS,PASS
e040,papers/e040/pdf/e040.pdf,11,10,PASS,PASS,PASS,PASS,PASS,PASS,PASS
e041,papers/e041/pdf/e041.pdf,9,8,PASS,PASS,PASS,PASS,PASS,PASS,PASS
e042,papers/e042/pdf/e042.pdf,9,8,PASS,PASS,PASS,PASS,PASS,PASS,PASS
e043,papers/e043/pdf/e043.pdf,9,8,PASS,PASS,PASS,PASS,PASS,PASS,PASS
e044,papers/e044/pdf/e044.pdf,11,10,PASS,PASS,PASS,PASS,PASS,PASS,PASS
e045,papers/e045/pdf/e045.pdf,8,7,PASS,PASS,PASS,PASS,PASS,PASS,PASS
e046,papers/e046/pdf/e046.pdf,9,8,PASS,PASS,PASS,PASS,PASS,PASS,PASS
e047,papers/e047/pdf/e047.pdf,7,6,PASS,PASS,PASS,PASS,PASS,PASS,PASS
e048,papers/e048/pdf/e048.pdf,9,8,PASS,PASS,PASS,PASS,PASS,PASS,PASS
e049,papers/e049/pdf/e049.pdf,9,8,PASS,PASS,PASS,PASS,PASS,PASS,PASS
e050,papers/e050/pdf/e050.pdf,9,8,PASS,PASS,PASS,PASS,PASS,PASS,PASS
e051,papers/e051/pdf/e051.pdf,8,7,PASS,PASS,PASS,PASS,PASS,PASS,PASS
e052,papers/e052/pdf/e052.pdf,10,9,PASS,PASS,PASS,PASS,PASS,PASS,PASS
e053,papers/e053/pdf/e053.pdf,8,7,PASS,PASS,PASS,PASS,PASS,PASS,PASS
e054,papers/e054/pdf/e054.pdf,8,7,PASS,PASS,PASS,PASS,PASS,PASS,PASS
e055,papers/e055/pdf/e055.pdf,9,8,PASS,PASS,PASS,PASS,PASS,PASS,PASS
e056,papers/e056/pdf/e056.pdf,10,9,PASS,PASS,PASS,PASS,PASS,PASS,PASS
e057,papers/e057/pdf/e057.pdf,8,7,PASS,PASS,PASS,PASS,PASS,PASS,PASS
e058,papers/e058/pdf/e058.pdf,8,7,PASS,PASS,PASS,PASS,PASS,PASS,PASS
e059,papers/e059/pdf/e059.pdf,11,10,PASS,PASS,PASS,PASS,PASS,PASS,PASS
e060,papers/e060/pdf/e060.pdf,10,9,PASS,PASS,PASS,PASS,PASS,PASS,PASS
